1,노윤서,여,2001.3.18,사진 및 비디오
2,김주호,남,1990.5.20,개발자 도구
3,장주호,남,2000.5.9,쇼핑
4,박서진,여,1994.1.19,뉴스
5,성서현,남,1980.8.29,그래픽 및 디자인
6,최서현,남,1992.11.5,교육
7,박준우,여,1992.8.31,스포츠
8,노채원,남,1986.12.23,사진 및 비디오
9,김주호,여,1991.11.4,개발자 도구
10,최서현,여,1989.6.30,그래픽 및 디자인
11,조하준,남,1990.10.2,사진 및 비디오
12,육수정,여,1992.1.31,스포츠
13,노예준,남,1980.3.1,교육
14,곽지후,남,2004.12.23,소셜 네트워킹
15,조채원,여,1999.7.26,교육
16,육연우,여,1989.7.18,뉴스
17,박채은,남,1984.9.26,뉴스
18,황수정,여,1992.2.1,게임
19,이주호,여,1999.10.31,도서
20,조지안,남,1998.2.21,뉴스
21,장시우,여,1994.10.1,소셜 네트워킹
22,한서윤,남,2000.10.20,사진 및 비디오
23,김선우,여,1997.8.24,쇼핑
24,육지유,남,1987.7.28,교육
25,조선우,여,1992.1.2,뉴스
26,유선우,여,1982.6.26,사진 및 비디오
27,조지원,남,1994.5.4,교육
28,노하은,여,1982.9.31,개발자 도구
29,황채은,여,1993.5.28,게임
30,곽하은,남,1984.9.31,개발자 도구
31,성서윤,남,1989.1.9,교육
32,곽지민,남,2003.2.21,게임
33,조하윤,여,1993.1.21,개발자 도구
34,성채원,여,1989.4.12,게임
35,정서현,여,1984.12.13,개발자 도구
36,노하은,여,1980.5.12,뉴스
37,황지민,남,1980.8.31,사진 및 비디오
38,곽지호,여,1984.5.24,게임
39,박서연,남,1985.3.14,사진 및 비디오
40,조선우,남,1995.7.8,그래픽 및 디자인
41,최하은,여,1997.8.19,교육
42,유채원,남,2003.2.2,도서
43,이지후,여,1991.7.4,개발자 도구
44,정준서,여,1983.7.15,쇼핑
45,노시우,여,1994.5.11,소셜 네트워킹
46,한서현,여,1999.9.27,개발자 도구
47,노하은,남,2000.10.17,게임
48,유도윤,여,1983.4.21,소셜 네트워킹
49,육서현,남,1996.8.5,사진 및 비디오
50,황채은,여,1995.2.16,소셜 네트워킹
51,장지유,여,2000.1.2,개발자 도구
52,최채은,여,1983.10.25,스포츠
53,최지후,남,1985.5.22,뉴스
54,김하윤,여,1990.4.23,게임
55,최지우,여,1987.3.17,쇼핑
56,김서현,여,1984.8.19,도서
57,곽서준,남,1999.11.13,스포츠
58,최지유,여,1996.8.3,스포츠
59,이준우,남,1990.11.16,교육
60,정지민,남,2001.7.10,게임
61,조서준,여,1982.5.11,게임
62,장지원,남,1988.6.22,쇼핑
63,황서현,여,1986.7.19,스포츠
64,곽주호,여,1984.9.30,사진 및 비디오
65,곽수정,여,1985.10.28,그래픽 및 디자인
66,김서연,남,1999.9.25,개발자 도구
67,유지민,여,2003.8.15,쇼핑
68,김주원,여,1984.1.27,교육
69,육연우,남,1995.11.12,뉴스
70,박선우,남,1987.12.4,사진 및 비디오
71,조지안,여,1984.4.6,그래픽 및 디자인
72,조선우,남,1993.3.27,소셜 네트워킹
73,성수정,남,1991.3.14,그래픽 및 디자인
74,최하윤,남,1995.3.11,쇼핑
75,장하은,여,1992.6.20,소셜 네트워킹
76,곽하윤,여,1983.9.27,쇼핑
77,장예준,남,1987.6.9,사진 및 비디오
78,황도윤,남,1999.12.16,교육
79,최선우,남,1997.11.3,쇼핑
80,한지유,여,2000.4.1,사진 및 비디오
81,황윤서,여,1995.3.19,뉴스
82,노서진,남,1980.8.12,스포츠
83,이서진,여,1990.4.25,스포츠
84,노민준,여,1989.4.8,뉴스
85,황연우,여,1994.4.25,스포츠
86,이연우,여,1992.4.1,사진 및 비디오
87,유연우,여,1980.7.25,개발자 도구
88,육서연,남,1984.10.11,도서
89,유연우,여,2003.8.9,개발자 도구
90,이하준,여,1989.3.13,사진 및 비디오
91,곽지민,남,1988.4.17,스포츠
92,노지원,여,2003.11.26,게임
93,곽서진,여,1994.8.18,교육
94,곽서현,여,2004.3.10,뉴스
95,박지호,남,1989.12.14,도서
96,장지호,여,1994.11.5,사진 및 비디오
97,성하윤,남,1985.8.22,소셜 네트워킹
98,박민서,여,2003.12.8,사진 및 비디오
99,노준서,여,2001.6.28,그래픽 및 디자인
100,조지원,남,1986.4.15,게임
