교통사고 당사자 번호,이름,성별,생년월일,면허유무,안전벨트 유무,음주 여부,부상/사망 여부,교통사고 종류,교통사고 날짜,사고직전 속도,사고 발생지,대전시 사고 관리 번호
1,황민서,여,1982.8.11,유,유,무,사망,과속,2022.6.2,117,대덕구 법동,2022F79
2,김하은,남,2001.2.13,유,유,무,사망,과속,2022.4.19,127,동구 삼성동,2022D49
3,정수정,남,1968.4.8,유,유,무,부상,신호위반,2022.11.23,90,동구 신인동,2022K94
4,박서현,남,1994.8.12,유,유,무,부상,과속,2022.2.16,83,유성구 노은동,2022B38
5,조서현,여,1968.12.5,유,유,무,부상,음주운전,2022.1.22,96,중구 대사동,2022A45
6,조윤서,여,1972.8.21,유,유,무,부상,신호위반,2022.1.16,113,대덕구 송촌동,2022A42
7,노지호,여,1978.12.25,유,유,무,사망,과속,2022.2.22,127,중구 대사동,2022B48
8,유주원,남,1981.11.16,유,유,무,부상,과속,2022.3.19,84,서구 둔상동,2022C23
9,정주원,여,1992.11.20,유,유,무,사망,과속,2022.11.21,123,대덕구 오정동,2022K6
10,한수정,남,1993.11.22,유,유,무,부상,신호위반,2022.10.17,114,중구 대흥동,2022J91
11,최서준,여,1965.2.17,유,유,무,사망,과속,2022.9.22,123,유성구 노은동,2022I99
12,장민서,남,1974.5.15,유,유,무,부상,음주운전,2022.12.16,84,대덕구 회덕동,2022L21
13,이민준,여,1972.4.20,유,유,무,부상,음주운전,2022.3.8,107,서구 도마동,2022C49
14,정주호,남,1999.7.16,유,유,무,부상,신호위반,2022.2.29,109,유성구 진잠동,2022B10
15,정채은,여,1962.8.21,유,유,무,부상,중앙선 침범,2022.2.3,108,서구 갈마동,2022B58
16,유서윤,여,2000.7.22,유,유,무,부상,중앙선 침범,2022.2.31,107,유성구 신성동,2022B21
17,조예준,여,1977.7.12,유,유,무,부상,신호위반,2022.6.31,111,대덕구 회덕동,2022F41
18,유지민,남,1969.6.15,유,유,유,부상,음주운전,2022.8.14,83,동구 용운동,2022H15
19,한채원,여,1997.5.19,유,유,무,부상,음주운전,2022.1.8,84,서구 둔상동,2022A3
20,장하은,여,1976.12.21,유,유,무,부상,중앙선 침범,2022.4.20,81,서구 월평동,2022D55
21,최윤서,여,1990.8.18,유,유,무,부상,음주운전,2022.2.9,83,동구 삼성동,2022B63
22,이예준,여,1998.9.31,유,유,무,부상,음주운전,2022.9.13,102,중구 오류동,2022I77
23,장지우,남,1999.11.7,유,유,무,부상,음주운전,2022.5.26,98,중구 은행선화동,2022Z33
24,한지후,여,1989.11.11,유,유,무,부상,중앙선 침범,2022.9.4,119,유성구 관평동,2022I89
25,정민서,여,1972.10.10,유,유,무,사망,과속,2022.8.24,124,동구 용운동,2022H53
26,한지민,여,2002.4.28,유,유,무,부상,과속,2022.5.30,82,동구 삼성동,2022Z17
27,황선우,여,1979.2.27,유,유,무,부상,과속,2022.4.25,101,중구 목동,2022D30
28,정주호,여,1995.4.29,유,유,무,사망,과속,2022.8.4,124,중구 오류동,2022H58
29,정예준,여,1989.3.8,유,유,무,부상,과속,2022.12.12,119,동구 효동,2022L83
30,최민준,여,1970.1.29,유,유,무,부상,중앙선 침범,2022.9.9,98,서구 만년동,2022I92
31,장선우,여,1981.1.16,유,유,유,부상,음주운전,2022.4.16,84,대덕구 오정동,2022D69
32,조준서,여,1981.7.15,유,유,유,부상,음주운전,2022.1.31,104,유성구 관평동,2022A51
33,육준서,여,1972.2.2,유,유,무,부상,중앙선 침범,2022.8.24,92,유성구 신성동,2022H42
34,성선우,여,1969.12.12,유,유,무,사망,과속,2022.5.30,119,동구 삼성동,2022Z17
35,박민준,여,1974.4.8,유,유,무,사망,중앙선 침범,2022.3.18,96,동구 신인동,2022C80
36,장지안,남,1979.1.11,유,유,무,사망,음주운전,2022.8.11,119,서구 둔상동,2022H7
37,김지우,여,1981.12.20,유,유,무,부상,음주운전,2022.7.21,99,서구 만년동,2022G99
38,장지우,남,1986.7.28,유,유,무,부상,음주운전,2022.11.25,94,유성구 노은동,2022K11
39,정선우,남,1963.2.5,유,유,무,부상,중앙선 침범,2022.12.31,112,유성구 전민동,2022L47
40,노민준,남,1972.10.9,유,유,무,부상,음주운전,2022.9.30,98,중구 오류동,2022I31
41,장채은,여,2002.10.16,유,유,무,사망,과속,2022.10.28,121,중구 대흥동,2022J53
42,장예준,여,1982.4.10,유,유,무,사망,과속,2022.9.12,121,동구 삼성동,2022I26
43,최서준,남,1963.3.7,유,유,무,부상,음주운전,2022.6.14,84,중구 대사동,2022F28
44,성하윤,여,1974.4.11,유,유,무,사망,과속,2022.7.12,126,대덕구 회덕동,2022G45
45,육준우,여,1971.11.2,유,유,무,부상,중앙선 침범,2022.1.21,100,서구 둔상동,2022A91
46,김시우,여,2002.7.13,유,유,무,부상,중앙선 침범,2022.10.16,98,유성구 전민동,2022J92
47,조연우,남,1993.12.23,유,유,무,부상,신호위반,2022.7.19,84,유성구 관평동,2022G47
48,정민준,남,1981.8.3,유,유,무,사망,과속,2022.10.19,128,대덕구 회덕동,2022J26
49,정하준,여,1999.4.13,유,유,무,부상,과속,2022.2.8,104,중구 오류동,2022B95
50,박지유,여,2000.10.1,유,유,무,부상,과속,2022.3.14,107,대덕구 석봉동,2022C12
51,한도윤,남,1998.7.19,유,유,무,부상,중앙선 침범,2022.7.29,107,유성구 전민동,2022G43
52,정서현,남,1997.3.28,유,유,유,부상,음주운전,2022.9.2,106,중구 은행선화동,2022I74
53,성도윤,남,1986.3.11,유,유,무,사망,과속,2022.4.23,123,서구 만년동,2022D10
54,김연우,여,1989.1.31,유,유,무,부상,음주운전,2022.1.18,89,동구 삼성동,2022A72
55,박지원,남,1990.5.25,유,유,무,부상,음주운전,2022.2.18,95,대덕구 오정동,2022B67
56,한예준,여,1992.6.24,유,유,무,사망,과속,2022.7.12,120,서구 만년동,2022G20
57,황하준,여,1982.8.9,유,유,무,부상,과속,2022.1.25,83,유성구 관평동,2022A60
58,한지우,남,1988.10.13,유,유,무,부상,과속,2022.1.30,91,중구 대흥동,2022A41
59,박연우,여,1985.5.21,유,유,무,부상,중앙선 침범,2022.10.18,96,대덕구 회덕동,2022J37
60,김준우,남,1964.8.18,유,유,무,부상,과속,2022.6.4,95,유성구 진잠동,2022F49
61,성민서,남,2000.2.23,유,유,무,부상,과속,2022.11.6,92,중구 대흥동,2022K82
62,김서연,여,1986.11.24,유,유,무,부상,중앙선 침범,2022.1.11,94,서구 월평동,2022A89
63,곽예준,여,1968.4.21,유,유,무,사망,신호위반,2022.6.13,103,중구 대사동,2022F20
64,곽하은,남,1991.7.10,유,유,유,부상,음주운전,2022.5.12,80,서구 도마동,2022Z86
65,황수정,여,1997.11.26,유,유,무,부상,중앙선 침범,2022.12.30,117,대덕구 회덕동,2022L56
66,한채은,남,1968.3.19,유,유,무,부상,음주운전,2022.6.26,84,대덕구 석봉동,2022F56
67,장지후,여,1981.2.23,유,유,무,부상,음주운전,2022.12.4,110,동구 자양동,2022L91
68,육도윤,남,1996.11.31,유,유,무,부상,신호위반,2022.3.21,80,대덕구 법동,2022C69
69,최주호,남,1967.5.24,유,유,무,부상,신호위반,2022.8.22,90,서구 도마동,2022H37
70,유지우,남,1981.2.11,유,유,무,부상,과속,2022.4.23,118,서구 만년동,2022D1
71,유서연,여,1961.5.1,유,유,무,부상,과속,2022.4.19,97,중구 목동,2022D67
72,조민준,남,1994.2.2,유,유,무,부상,신호위반,2022.10.19,80,유성구 전민동,2022J74
73,노도윤,여,1992.11.28,유,유,유,부상,음주운전,2022.8.13,118,중구 목동,2022H99
74,한채원,여,1994.6.18,유,유,무,부상,음주운전,2022.9.30,117,중구 오류동,2022I3
75,최지후,남,1973.12.3,유,유,유,부상,음주운전,2022.10.23,80,동구 자양동,2022J15
76,노윤서,남,1985.5.14,유,유,유,부상,음주운전,2022.9.16,98,대덕구 법동,2022I66
77,유하은,여,1987.3.9,유,유,무,부상,중앙선 침범,2022.11.24,112,중구 오류동,2022K77
78,조서현,여,1968.12.5,유,유,무,부상,음주운전,2022.7.8,92,유성구 관평동,2022G70
79,김민준,남,1980.11.1,유,유,무,사망,과속,2022.1.2,125,동구 신인동,2022A30
80,장민서,남,1979.1.3,유,유,무,사망,과속,2022.9.18,120,서구 도마동,2022I19
81,곽시우,여,1987.7.31,유,유,무,부상,음주운전,2022.2.15,117,유성구 관평동,2022B66
82,육윤서,남,1964.11.15,유,유,무,사망,과속,2022.1.22,121,동구 용운동,2022A68
83,최주호,남,1968.5.15,유,유,무,부상,음주운전,2022.2.18,118,동구 삼성동,2022B35
84,최시우,여,1971.7.21,유,유,무,부상,과속,2022.1.30,93,서구 둔상동,2022A97
85,박하준,남,1991.12.17,유,유,무,사망,과속,2022.7.15,129,유성구 노은동,2022G54
86,성채원,여,1966.6.17,유,유,무,부상,중앙선 침범,2022.6.27,86,서구 월평동,2022F77
87,육민준,남,1963.1.12,유,유,무,사망,신호위반,2022.7.17,106,유성구 진잠동,2022G19
88,한도윤,여,1962.7.15,유,유,무,사망,과속,2022.4.30,103,대덕구 오정동,2022D32
89,최지안,여,1978.1.25,유,유,무,부상,중앙선 침범,2022.4.12,103,동구 자양동,2022D63
90,김선우,여,1983.10.15,유,유,무,부상,신호위반,2022.10.24,117,유성구 전민동,2022J17
91,곽지안,남,1992.4.12,유,유,무,부상,신호위반,2022.3.18,85,대덕구 석봉동,2022C14
92,곽하준,남,1975.3.25,유,유,무,부상,과속,2022.5.27,87,동구 삼성동,2022Z51
93,조예준,여,1962.6.24,유,유,무,사망,과속,2022.12.19,121,대덕구 오정동,2022L40
94,조수정,여,1991.11.18,유,유,유,사망,과속,2022.7.20,125,서구 갈마동,2022G16
95,황지안,남,1970.1.30,유,유,무,부상,과속,2022.12.14,115,중구 오류동,2022L87
96,장시우,남,1973.6.23,유,유,무,부상,과속,2022.1.16,84,동구 효동,2022A64
97,곽지호,여,1970.9.3,유,유,무,부상,신호위반,2022.8.26,89,중구 대사동,2022H54
98,황예준,남,1983.8.29,유,유,무,부상,신호위반,2022.12.7,109,대덕구 송촌동,2022L99
99,조도윤,남,1989.12.2,유,유,유,부상,음주운전,2022.11.11,114,중구 목동,2022K29
100,노민서,남,1974.2.31,유,유,무,부상,중앙선 침범,2022.5.29,110,대덕구 송촌동,2022Z58
101,유지후,여,1985.8.9,유,유,무,부상,신호위반,2022.11.28,114,중구 은행선화동,2022K76
102,최선우,남,1975.12.14,유,유,무,부상,음주운전,2022.12.21,119,중구 은행선화동,2022L81
103,곽수정,남,1982.4.8,유,유,무,사망,과속,2022.2.25,129,중구 은행선화동,2022B50
104,성지민,여,1976.2.13,유,유,무,부상,신호위반,2022.7.22,88,동구 삼성동,2022G63
105,장지호,여,1983.6.28,유,유,무,부상,신호위반,2022.2.23,110,서구 갈마동,2022B84
106,노채원,여,1986.2.13,유,유,무,부상,신호위반,2022.3.5,100,유성구 노은동,2022C9
107,김채원,여,1990.3.14,유,유,무,부상,음주운전,2022.1.21,90,동구 신인동,2022A90
108,유민서,남,1998.8.24,유,유,무,부상,신호위반,2022.3.21,90,대덕구 법동,2022C6
109,김수정,남,1971.8.1,유,유,무,부상,신호위반,2022.10.18,115,중구 대사동,2022J46
110,장채은,남,1973.12.13,유,유,무,사망,과속,2022.3.15,126,서구 월평동,2022C72
111,김하윤,여,1977.10.29,유,유,무,부상,신호위반,2022.1.14,99,유성구 진잠동,2022A10
112,노채은,남,1980.3.12,유,유,무,부상,중앙선 침범,2022.8.16,98,중구 대사동,2022H89
113,성서준,남,1971.4.3,유,유,무,사망,과속,2022.4.11,126,서구 도마동,2022D86
114,정준우,여,1966.2.1,유,유,유,사망,음주운전,2022.9.15,102,동구 자양동,2022I37
115,곽지우,남,1971.1.3,유,유,유,부상,음주운전,2022.7.25,83,중구 은행선화동,2022G89
116,조서연,남,1966.3.9,유,유,무,부상,중앙선 침범,2022.5.18,104,대덕구 법동,2022Z92
117,조서연,여,1986.6.11,유,유,무,부상,음주운전,2022.10.5,110,유성구 노은동,2022J16
118,김민준,여,1964.9.11,유,유,무,부상,중앙선 침범,2022.7.20,94,동구 신인동,2022G10
119,육하준,남,1997.11.3,유,유,무,부상,중앙선 침범,2022.2.4,83,중구 오류동,2022B69
120,장지우,남,1970.10.8,유,유,무,사망,과속,2022.3.26,128,유성구 진잠동,2022C20
121,정윤서,남,1963.7.16,유,유,무,부상,음주운전,2022.9.11,84,동구 신인동,2022I67
122,박채원,남,1982.5.18,유,유,무,부상,신호위반,2022.11.6,110,동구 자양동,2022K70
123,정예준,여,1980.8.23,유,유,무,사망,과속,2022.10.28,123,대덕구 석봉동,2022J68
124,한지민,남,1982.5.30,유,유,무,사망,신호위반,2022.11.6,126,동구 자양동,2022K70
125,육예준,남,1981.8.21,유,유,유,부상,음주운전,2022.4.21,82,동구 신인동,2022D25
126,박시우,남,1976.8.2,유,유,무,사망,과속,2022.6.1,127,동구 자양동,2022F46
127,육지우,남,1970.7.17,유,유,무,사망,음주운전,2022.11.1,104,동구 용운동,2022K85
128,이서연,여,1986.4.20,유,유,무,부상,음주운전,2022.1.11,82,유성구 관평동,2022A31
129,황지후,여,1994.11.21,유,유,무,사망,과속,2022.4.19,123,유성구 진잠동,2022D18
130,김수정,여,1989.8.13,유,유,무,부상,신호위반,2022.4.16,93,유성구 진잠동,2022D76
131,박민준,남,1993.11.23,유,유,유,부상,음주운전,2022.9.25,107,서구 만년동,2022I28
132,박윤서,여,1998.6.14,유,유,무,부상,음주운전,2022.10.1,90,동구 효동,2022J54
133,한주호,남,1965.9.4,유,유,무,부상,과속,2022.4.25,80,중구 목동,2022D3
134,유채은,남,1972.12.6,유,유,무,부상,과속,2022.12.27,116,서구 갈마동,2022L1
135,장도윤,남,1964.8.7,유,유,무,부상,신호위반,2022.6.23,83,동구 신인동,2022F70
136,곽서준,남,1967.11.27,유,유,무,부상,음주운전,2022.7.22,93,유성구 노은동,2022G23
137,황지호,여,1961.12.18,유,유,무,부상,과속,2022.10.22,97,유성구 전민동,2022J79
138,최하준,남,1998.8.12,유,유,무,부상,과속,2022.5.17,96,동구 자양동,2022Z10
139,김선우,여,1981.1.11,유,유,무,사망,과속,2022.6.18,122,서구 월평동,2022F69
140,황준우,여,1972.12.19,유,유,무,부상,음주운전,2022.2.15,107,유성구 전민동,2022B71
141,정서준,여,2000.11.27,유,유,유,부상,음주운전,2022.6.26,94,동구 신인동,2022F42
142,성준서,여,1997.5.4,유,유,무,사망,과속,2022.11.7,125,중구 목동,2022K62
143,한도윤,남,1992.8.26,유,유,무,부상,중앙선 침범,2022.4.10,116,중구 대흥동,2022D81
144,김하윤,남,1994.10.10,유,유,무,부상,과속,2022.1.21,103,동구 용운동,2022A52
145,이준서,남,1998.2.26,유,유,무,부상,중앙선 침범,2022.8.24,91,유성구 신성동,2022H4
146,황시우,남,2001.7.4,유,유,유,사망,음주운전,2022.5.26,115,유성구 노은동,2022Z34
147,최지우,여,1974.1.13,유,유,무,부상,신호위반,2022.7.7,113,동구 자양동,2022G85
148,곽지안,남,1968.2.1,유,유,무,부상,중앙선 침범,2022.12.31,112,유성구 전민동,2022L4
149,김주원,남,1967.5.4,유,유,무,부상,음주운전,2022.11.4,93,서구 도마동,2022K16
150,노지유,여,1994.1.26,유,유,무,부상,음주운전,2022.6.10,110,유성구 신성동,2022F86
151,곽지민,남,1966.10.17,유,유,무,부상,중앙선 침범,2022.7.13,109,동구 효동,2022G80
152,유시우,여,1989.3.9,유,유,무,사망,과속,2022.9.22,128,서구 도마동,2022I45
153,성지민,남,1996.4.11,유,유,무,사망,과속,2022.2.9,129,대덕구 석봉동,2022B60
154,박도윤,여,1972.6.21,유,유,무,부상,과속,2022.3.10,82,유성구 노은동,2022C46
155,이서진,여,2001.5.30,유,유,무,사망,과속,2022.3.10,122,유성구 노은동,2022C46
156,유지후,남,1980.10.30,유,유,무,부상,과속,2022.2.22,84,중구 오류동,2022B32
157,장채은,남,1967.2.10,유,유,무,부상,과속,2022.5.5,88,동구 삼성동,2022Z68
158,조도윤,여,1967.12.29,유,유,무,부상,중앙선 침범,2022.7.16,102,중구 오류동,2022G92
159,최지안,여,2001.8.27,유,유,무,부상,과속,2022.2.26,93,유성구 노은동,2022B81
160,노도윤,남,1986.2.16,유,유,무,부상,음주운전,2022.4.23,98,중구 은행선화동,2022D74
161,박수정,남,1962.5.24,유,유,무,부상,과속,2022.12.6,103,유성구 노은동,2022L27
162,박지안,남,1962.1.22,유,유,무,부상,중앙선 침범,2022.2.13,99,동구 용운동,2022B14
163,장서준,남,2002.12.23,유,유,무,부상,신호위반,2022.2.23,84,유성구 관평동,2022B20
164,유지안,여,1983.3.19,유,유,무,사망,과속,2022.7.7,125,동구 효동,2022G62
165,황서연,남,1972.12.6,유,유,무,부상,과속,2022.7.13,101,서구 만년동,2022G15
166,육지원,남,1981.4.6,유,유,무,부상,중앙선 침범,2022.12.15,81,동구 신인동,2022L67
167,노지호,여,1967.10.30,유,유,유,부상,음주운전,2022.3.21,87,대덕구 석봉동,2022C3
168,노지우,남,1966.11.18,유,유,무,부상,과속,2022.3.13,93,서구 둔상동,2022C44
169,박예준,여,1961.4.3,유,유,무,부상,음주운전,2022.3.20,100,서구 도마동,2022C93
170,정민서,남,1966.8.29,유,유,무,부상,과속,2022.4.12,89,서구 둔상동,2022D27
171,장서준,남,1980.4.28,유,유,무,부상,음주운전,2022.11.30,117,유성구 전민동,2022K27
172,장주호,남,1996.2.29,유,유,무,부상,신호위반,2022.11.28,96,유성구 관평동,2022K73
173,유하은,남,1971.1.24,유,유,무,사망,과속,2022.4.30,129,유성구 전민동,2022D58
174,최서연,여,1997.12.18,유,유,무,사망,과속,2022.1.11,116,유성구 진잠동,2022A88
175,조하윤,여,1980.10.29,유,유,무,사망,과속,2022.9.24,129,대덕구 송촌동,2022I49
176,육준우,여,1998.11.29,유,유,무,사망,과속,2022.8.16,126,서구 월평동,2022H92
177,곽채은,남,1973.11.16,유,유,무,사망,과속,2022.11.1,120,대덕구 법동,2022K48
178,김연우,남,1992.3.5,유,유,무,부상,신호위반,2022.8.23,87,중구 대흥동,2022H70
179,노지호,여,1962.2.22,유,유,무,사망,과속,2022.3.26,101,유성구 진잠동,2022C20
180,육도윤,여,1971.3.10,유,유,무,사망,과속,2022.2.9,126,대덕구 석봉동,2022B60
181,이선우,여,1969.11.4,유,유,무,부상,중앙선 침범,2022.9.18,115,유성구 관평동,2022I82
182,성서연,여,1990.4.28,유,유,무,사망,과속,2022.12.12,120,동구 효동,2022L8
183,박하은,남,1982.12.8,유,유,무,사망,음주운전,2022.3.8,127,서구 도마동,2022C4
184,최민서,여,1997.6.10,유,유,무,부상,음주운전,2022.9.26,93,중구 오류동,2022I44
185,유지민,여,1969.3.21,유,유,무,사망,신호위반,2022.6.14,108,서구 만년동,2022F65
186,장예준,여,1976.2.16,유,유,무,사망,음주운전,2022.1.18,119,동구 삼성동,2022A72
187,노시우,남,1975.12.6,유,유,유,부상,음주운전,2022.9.16,104,대덕구 법동,2022I66
188,정준우,여,1984.1.17,유,유,무,사망,과속,2022.12.29,129,서구 둔상동,2022L80
189,성지우,여,1984.2.8,유,유,무,부상,과속,2022.8.23,107,유성구 관평동,2022H68
190,황준우,여,1988.9.5,유,유,무,부상,음주운전,2022.11.15,96,서구 둔상동,2022K3
191,조서윤,남,1996.8.24,유,유,무,부상,신호위반,2022.2.25,93,대덕구 석봉동,2022B11
192,육주원,남,1969.11.13,유,유,무,부상,과속,2022.5.29,98,중구 은행선화동,2022Z21
193,유수정,여,1993.10.14,유,유,무,부상,중앙선 침범,2022.11.23,83,유성구 신성동,2022K46
194,유주원,여,1969.3.14,유,유,무,부상,신호위반,2022.1.16,119,대덕구 송촌동,2022A42
195,노지안,여,1961.1.25,유,유,무,부상,음주운전,2022.6.31,82,서구 도마동,2022F57
196,정서윤,여,1966.4.7,유,유,무,부상,과속,2022.7.8,87,서구 갈마동,2022G26
197,박윤서,남,1997.3.6,유,유,무,사망,과속,2022.11.9,127,서구 갈마동,2022K14
198,장주원,여,1968.1.25,유,유,무,부상,중앙선 침범,2022.8.20,84,동구 신인동,2022H51
199,정주원,여,1999.10.31,유,유,무,부상,과속,2022.6.1,96,동구 삼성동,2022F58
200,한주호,여,1969.12.26,유,유,무,부상,과속,2022.7.4,104,서구 도마동,2022G38
201,노준우,여,1984.4.1,유,유,무,부상,음주운전,2022.12.21,88,중구 은행선화동,2022L81
202,노도윤,남,1980.1.5,유,유,무,부상,음주운전,2022.4.1,106,대덕구 회덕동,2022D92
203,노지후,여,1965.1.12,유,유,무,사망,과속,2022.12.20,122,서구 갈마동,2022L46
204,한서준,여,1979.5.4,유,유,무,사망,과속,2022.7.25,124,유성구 노은동,2022G29
205,성윤서,여,1969.9.21,유,유,무,사망,중앙선 침범,2022.3.25,113,유성구 노은동,2022C71
206,박도윤,여,1975.4.27,유,유,유,사망,음주운전,2022.6.27,110,유성구 전민동,2022F51
207,황주호,여,2001.6.5,유,유,무,사망,과속,2022.1.21,120,대덕구 회덕동,2022A47
208,유주원,남,1975.5.20,유,유,무,부상,과속,2022.2.25,89,중구 은행선화동,2022B50
209,김민준,여,1992.1.13,유,유,무,부상,음주운전,2022.10.8,106,동구 용운동,2022J29
210,한하준,남,1998.7.18,유,유,유,부상,음주운전,2022.9.31,99,서구 둔상동,2022I10
211,성채원,여,1992.3.6,유,유,무,부상,신호위반,2022.11.10,117,유성구 노은동,2022K60
212,곽채은,남,1978.4.25,유,유,무,부상,신호위반,2022.10.4,95,대덕구 회덕동,2022J81
213,김지우,남,1966.4.4,유,유,유,부상,음주운전,2022.5.24,87,유성구 진잠동,2022Z82
214,황하윤,여,1967.5.2,유,유,무,부상,음주운전,2022.7.28,81,동구 용운동,2022G51
215,한선우,남,1995.7.29,유,유,무,사망,음주운전,2022.9.18,114,중구 은행선화동,2022I69
216,이서연,여,1984.1.19,유,유,무,부상,과속,2022.1.17,110,대덕구 오정동,2022A55
217,노하은,여,1996.6.22,유,유,무,부상,음주운전,2022.8.11,87,서구 둔상동,2022H7
218,이시우,여,1961.6.11,유,유,무,부상,음주운전,2022.9.26,105,중구 오류동,2022I44
219,성서연,남,1986.2.14,유,유,무,부상,신호위반,2022.7.22,83,동구 삼성동,2022G63
220,조윤서,남,2001.7.20,유,유,무,사망,과속,2022.6.18,120,서구 월평동,2022F6
221,최준우,남,1962.2.11,유,유,유,부상,음주운전,2022.1.1,116,동구 자양동,2022A99
222,조지우,여,1998.11.22,유,유,무,사망,과속,2022.9.16,128,대덕구 석봉동,2022I94
223,이민준,여,2001.8.4,유,유,무,부상,과속,2022.8.29,95,유성구 신성동,2022H26
224,곽준서,남,1994.8.27,유,유,무,부상,과속,2022.9.25,99,유성구 관평동,2022I97
225,육예준,남,1998.4.16,유,유,무,부상,과속,2022.10.20,96,서구 도마동,2022J11
226,조주원,남,1969.7.21,유,유,무,부상,과속,2022.7.3,102,중구 대사동,2022G86
227,최주원,여,1997.5.21,유,유,무,사망,신호위반,2022.3.5,128,유성구 노은동,2022C9
228,노지후,여,1960.6.15,유,유,무,부상,과속,2022.12.6,100,유성구 노은동,2022L27
229,한지안,남,1993.9.5,유,유,무,사망,음주운전,2022.3.8,120,서구 도마동,2022C4
230,유서준,남,1982.12.30,유,유,무,부상,중앙선 침범,2022.9.9,112,유성구 노은동,2022I5
231,장채원,여,1981.3.29,유,유,무,부상,음주운전,2022.10.23,116,대덕구 송촌동,2022J73
232,조하준,여,1974.6.1,유,유,무,부상,음주운전,2022.10.11,110,유성구 신성동,2022J18
233,곽주호,여,1967.5.7,유,유,유,부상,음주운전,2022.9.26,83,중구 대흥동,2022I86
234,황서준,여,1973.2.10,유,유,무,부상,중앙선 침범,2022.5.20,99,동구 신인동,2022Z63
235,정지호,남,1981.9.5,유,유,무,부상,과속,2022.3.16,99,유성구 노은동,2022C25
236,조서연,남,1993.4.30,유,유,무,부상,중앙선 침범,2022.2.29,107,동구 자양동,2022B12
237,노지후,남,1972.4.15,유,유,무,사망,과속,2022.8.30,123,중구 은행선화동,2022H65
238,장채은,여,1983.3.16,유,유,무,부상,신호위반,2022.3.15,118,대덕구 석봉동,2022C30
239,황지원,여,1974.4.24,유,유,무,부상,신호위반,2022.3.15,93,대덕구 석봉동,2022C30
240,정준서,남,1968.12.11,유,유,무,부상,음주운전,2022.1.9,86,대덕구 회덕동,2022A85
241,육준서,여,1981.7.27,유,유,무,사망,과속,2022.9.9,121,동구 효동,2022I81
242,조윤서,남,1987.6.16,유,유,무,부상,과속,2022.10.22,115,대덕구 회덕동,2022J49
243,노서준,여,1963.3.19,유,유,무,부상,중앙선 침범,2022.8.16,108,중구 대사동,2022H8
244,노서연,남,1970.6.26,유,유,무,부상,음주운전,2022.3.20,99,동구 효동,2022C18
245,한채원,남,1962.3.28,유,유,무,사망,과속,2022.5.29,101,동구 효동,2022Z40
246,조주원,여,1981.6.7,유,유,무,부상,신호위반,2022.7.22,84,대덕구 송촌동,2022G75
247,황민서,남,1968.6.21,유,유,무,사망,음주운전,2022.1.18,101,동구 삼성동,2022A72
248,이연우,남,1994.8.1,유,유,무,부상,신호위반,2022.10.28,92,중구 대사동,2022J97
249,곽민서,여,1976.5.30,유,유,무,부상,과속,2022.10.28,98,대덕구 석봉동,2022J68
250,최주원,여,1982.4.11,유,유,무,부상,신호위반,2022.3.29,90,서구 갈마동,2022C16
251,육연우,여,1985.8.8,유,유,무,부상,중앙선 침범,2022.8.16,88,중구 대사동,2022H89
252,유수정,여,1996.9.26,유,유,무,부상,음주운전,2022.1.22,101,중구 대사동,2022A4
253,유시우,남,1971.9.3,유,유,무,부상,중앙선 침범,2022.8.23,104,중구 오류동,2022H21
254,장채원,남,2002.5.5,유,유,무,부상,신호위반,2022.9.30,106,동구 신인동,2022I85
255,김수정,남,1977.8.30,유,유,무,부상,과속,2022.6.26,91,중구 목동,2022F53
256,최지유,여,1963.11.29,유,유,무,부상,신호위반,2022.9.19,111,동구 효동,2022I39
257,황서현,남,1981.9.2,유,유,무,부상,과속,2022.1.17,100,중구 오류동,2022A78
258,육지우,여,1984.4.21,유,유,무,부상,중앙선 침범,2022.9.3,100,동구 신인동,2022I63
259,조서준,남,1996.7.11,유,유,유,부상,음주운전,2022.10.20,80,동구 신인동,2022J45
260,이준우,여,1974.2.4,유,유,무,부상,중앙선 침범,2022.1.19,100,중구 오류동,2022A95
261,황주호,남,1978.8.30,유,유,무,부상,음주운전,2022.5.29,88,서구 월평동,2022Z95
262,김서윤,여,1992.5.29,유,유,무,사망,과속,2022.5.27,121,동구 용운동,2022Z98
263,조선우,남,1992.7.31,유,유,무,부상,과속,2022.9.24,104,서구 갈마동,2022I57
264,이지후,여,1965.11.7,유,유,무,부상,음주운전,2022.10.31,89,동구 삼성동,2022J80
265,성서진,남,1997.11.24,유,유,무,부상,음주운전,2022.2.26,114,동구 효동,2022B37
266,유지후,여,1988.3.15,유,유,무,부상,과속,2022.6.10,109,중구 대흥동,2022F16
267,장주원,여,1995.2.5,유,유,무,사망,과속,2022.10.22,125,대덕구 회덕동,2022J49
268,한지호,남,1969.8.31,유,유,무,부상,과속,2022.10.2,87,서구 월평동,2022J86
269,유서윤,여,1985.3.16,유,유,무,부상,과속,2022.3.13,106,동구 자양동,2022C57
270,장지유,여,1975.4.16,유,유,무,사망,과속,2022.1.16,123,동구 효동,2022A71
271,이지안,남,1968.9.24,유,유,무,부상,신호위반,2022.4.3,119,동구 효동,2022D39
272,곽도윤,여,1983.6.17,유,유,무,부상,과속,2022.11.14,115,대덕구 석봉동,2022K40
273,곽예준,남,2000.9.13,유,유,무,부상,음주운전,2022.10.6,105,중구 대사동,2022J19
274,최하은,여,1985.2.30,유,유,무,사망,신호위반,2022.10.17,120,중구 대흥동,2022J9
275,한채은,남,1986.4.26,유,유,무,부상,음주운전,2022.3.31,85,동구 삼성동,2022C99
276,유주호,남,1975.4.17,유,유,무,부상,과속,2022.12.19,102,대덕구 오정동,2022L68
277,한주원,여,1989.4.13,유,유,무,부상,신호위반,2022.10.26,89,대덕구 석봉동,2022J32
278,장서준,여,1995.12.31,유,유,무,부상,신호위반,2022.8.24,104,서구 월평동,2022H20
279,노주원,여,1978.4.16,유,유,무,부상,신호위반,2022.9.19,105,동구 효동,2022I39
280,한채은,남,1976.11.7,유,유,무,부상,음주운전,2022.3.14,80,동구 자양동,2022C65
281,성민서,남,1986.1.28,유,유,무,부상,과속,2022.6.5,105,유성구 신성동,2022F99
282,이민서,여,1990.6.9,유,유,무,부상,과속,2022.5.17,107,유성구 노은동,2022Z94
283,조주호,남,1984.5.13,유,유,무,부상,과속,2022.10.22,112,대덕구 회덕동,2022J49
284,박주호,여,1999.11.18,유,유,무,부상,음주운전,2022.3.30,92,대덕구 석봉동,2022C41
285,김도윤,남,1980.12.21,유,유,유,부상,음주운전,2022.11.11,111,중구 목동,2022K2
286,곽채원,여,1969.9.18,유,유,무,부상,신호위반,2022.10.30,80,중구 목동,2022J59
287,성지우,남,1974.8.26,유,유,무,부상,음주운전,2022.6.10,100,유성구 신성동,2022F86
288,육하은,남,1994.11.13,유,유,무,부상,과속,2022.3.16,92,유성구 노은동,2022C25
289,조서준,남,1981.10.17,유,유,무,부상,과속,2022.8.17,102,유성구 전민동,2022H61
290,곽서현,남,1972.4.7,유,유,무,부상,음주운전,2022.11.15,112,서구 둔상동,2022K3
291,박지민,여,1974.5.9,유,유,유,사망,과속,2022.1.28,126,중구 은행선화동,2022A16
292,황지유,여,1993.1.11,유,유,무,부상,음주운전,2022.5.3,97,동구 효동,2022Z55
293,성도윤,남,1970.5.8,유,유,무,부상,과속,2022.9.13,100,유성구 전민동,2022I55
294,최윤서,남,1984.10.19,유,유,무,부상,과속,2022.12.27,109,서구 갈마동,2022L1
295,황지호,여,1979.1.26,유,유,무,부상,음주운전,2022.6.6,102,서구 갈마동,2022F96
296,황준서,남,1973.11.15,유,유,무,부상,음주운전,2022.1.1,87,서구 월평동,2022A19
297,조서윤,여,1983.3.23,유,유,무,부상,음주운전,2022.5.7,113,중구 대흥동,2022Z15
298,정지원,여,1972.9.19,유,유,무,부상,음주운전,2022.11.29,83,중구 오류동,2022K51
299,한윤서,여,1970.9.19,유,유,무,부상,중앙선 침범,2022.3.28,117,서구 둔상동,2022C27
300,성민준,남,1970.1.8,유,유,무,사망,과속,2022.1.25,122,유성구 노은동,2022A67
301,유준서,남,1994.7.19,유,유,무,부상,신호위반,2022.8.18,106,유성구 관평동,2022H19
302,육주호,남,1978.8.19,유,유,무,부상,중앙선 침범,2022.7.26,110,서구 월평동,2022G93
303,이하준,남,1996.11.23,유,유,무,부상,음주운전,2022.5.3,112,동구 효동,2022Z55
304,장수정,여,1973.7.7,유,유,무,부상,음주운전,2022.10.14,109,동구 자양동,2022J23
305,정예준,남,2002.11.16,유,유,무,부상,음주운전,2022.7.8,116,유성구 진잠동,2022G83
306,최하은,여,1978.9.13,유,유,무,부상,과속,2022.6.10,101,유성구 관평동,2022F45
307,곽서연,여,1994.11.13,유,유,무,부상,과속,2022.10.1,83,서구 갈마동,2022J67
308,정민서,여,1978.10.20,유,유,무,사망,중앙선 침범,2022.9.9,127,유성구 노은동,2022I5
309,박수정,여,2002.8.28,유,유,무,사망,과속,2022.1.25,123,유성구 노은동,2022A67
310,장서윤,남,1992.7.31,유,유,무,부상,신호위반,2022.12.3,112,중구 대흥동,2022L72
311,이서윤,남,1984.2.11,유,유,무,부상,신호위반,2022.8.31,101,대덕구 오정동,2022H57
312,곽지후,여,1992.9.22,유,유,무,사망,과속,2022.2.3,120,서구 만년동,2022B89
313,유하은,남,1997.3.30,유,유,무,부상,신호위반,2022.8.9,89,중구 대사동,2022H31
314,정지원,남,1990.4.21,유,유,무,부상,과속,2022.2.22,109,중구 대사동,2022B4
315,유지원,여,1992.2.7,유,유,무,부상,중앙선 침범,2022.8.29,105,유성구 노은동,2022H29
316,이연우,남,1960.6.4,유,유,무,부상,신호위반,2022.8.23,99,중구 대흥동,2022H70
317,박지안,남,2000.11.28,유,유,무,부상,중앙선 침범,2022.8.29,111,대덕구 회덕동,2022H41
318,유선우,남,1982.1.12,유,유,무,부상,중앙선 침범,2022.7.17,115,유성구 신성동,2022G59
319,정지원,남,1962.10.24,유,유,무,사망,과속,2022.5.3,120,동구 자양동,2022Z27
320,최연우,남,1988.5.1,유,유,무,부상,음주운전,2022.7.8,81,유성구 진잠동,2022G83
321,성하은,여,1964.11.10,유,유,무,사망,과속,2022.3.29,127,유성구 신성동,2022C28
322,박수정,남,1989.11.21,유,유,무,사망,과속,2022.9.23,125,서구 월평동,2022I29
323,육지유,남,1988.7.14,유,유,무,부상,과속,2022.1.7,98,서구 갈마동,2022A43
324,육준서,남,1965.8.1,유,유,무,사망,과속,2022.5.22,128,중구 은행선화동,2022Z11
325,황하은,남,1983.8.26,유,유,무,부상,과속,2022.4.19,101,동구 삼성동,2022D4
326,곽주원,남,1983.7.8,유,유,무,부상,신호위반,2022.7.7,103,동구 자양동,2022G85
327,곽주원,남,1986.11.6,유,유,무,부상,신호위반,2022.11.21,91,동구 효동,2022K32
328,한하준,남,1962.4.29,유,유,무,부상,음주운전,2022.1.8,84,서구 둔상동,2022A3
329,정지원,남,2001.12.11,유,유,무,부상,과속,2022.9.24,116,대덕구 송촌동,2022I49
330,유지안,남,1966.7.1,유,유,무,부상,과속,2022.8.24,85,동구 용운동,2022H5
331,황수정,남,1969.10.18,유,유,무,부상,중앙선 침범,2022.4.19,111,중구 은행선화동,2022D47
332,육서윤,남,1995.12.30,유,유,무,부상,신호위반,2022.11.25,102,서구 월평동,2022K56
333,한서현,여,1992.7.26,유,유,무,사망,과속,2022.8.3,123,동구 삼성동,2022H62
334,유지유,남,2000.10.5,유,유,무,부상,음주운전,2022.1.21,97,동구 신인동,2022A90
335,곽서윤,여,1999.6.23,유,유,유,부상,음주운전,2022.9.16,91,대덕구 법동,2022I64
336,정지원,남,1978.12.24,유,유,무,부상,음주운전,2022.1.21,115,동구 신인동,2022A90
337,성채은,남,1982.3.23,유,유,무,부상,신호위반,2022.12.12,91,동구 자양동,2022L97
338,장지호,남,1969.8.19,유,유,무,부상,과속,2022.5.31,81,대덕구 법동,2022Z44
339,조하은,남,1998.12.23,유,유,무,사망,과속,2022.3.13,91,중구 대흥동,2022C48
340,황하은,남,1978.11.20,유,유,무,부상,중앙선 침범,2022.3.16,102,대덕구 송촌동,2022C73
341,정하은,남,1970.1.15,유,유,무,사망,신호위반,2022.2.29,120,유성구 진잠동,2022B10
342,최지유,남,1981.9.17,유,유,무,부상,중앙선 침범,2022.3.16,115,서구 도마동,2022C40
343,육시우,남,1997.3.18,유,유,무,사망,과속,2022.3.15,125,서구 월평동,2022C72
344,정지안,여,1988.9.7,유,유,유,부상,음주운전,2022.8.13,89,중구 목동,2022H99
345,이채은,남,1966.4.14,유,유,무,부상,음주운전,2022.9.18,117,중구 은행선화동,2022I69
346,장준서,남,2002.8.1,유,유,무,부상,과속,2022.5.27,105,동구 용운동,2022Z98
347,이민준,남,1977.6.6,유,유,무,부상,음주운전,2022.1.11,113,중구 대사동,2022A79
348,정서준,남,2002.4.2,유,유,유,부상,음주운전,2022.10.1,117,중구 은행선화동,2022J10
349,성준서,남,1995.11.16,유,유,유,부상,음주운전,2022.1.13,108,중구 대흥동,2022A63
350,조서준,남,1985.3.26,유,유,무,부상,중앙선 침범,2022.2.3,99,서구 갈마동,2022B58
351,노시우,여,1987.4.4,유,유,무,사망,중앙선 침범,2022.3.5,100,서구 도마동,2022C34
352,곽지호,남,1991.2.22,유,유,무,사망,과속,2022.9.1,125,중구 은행선화동,2022I46
353,성민서,여,1983.2.14,유,유,무,부상,중앙선 침범,2022.7.12,85,동구 용운동,2022G18
354,장서진,남,1974.9.2,유,유,무,사망,과속,2022.4.26,124,서구 도마동,2022D83
355,유지후,남,1994.7.14,유,유,무,부상,중앙선 침범,2022.3.1,98,중구 은행선화동,2022C63
356,곽주호,여,1974.2.25,유,유,무,부상,음주운전,2022.11.30,107,유성구 전민동,2022K27
357,한주원,여,1999.5.7,유,유,무,부상,신호위반,2022.2.29,82,유성구 진잠동,2022B10
358,육민서,남,1984.9.5,유,유,무,부상,중앙선 침범,2022.4.12,119,동구 자양동,2022D63
359,육연우,남,1962.4.16,유,유,무,부상,신호위반,2022.12.3,84,중구 대흥동,2022L7
360,최지우,여,1972.11.3,유,유,유,부상,음주운전,2022.8.30,105,동구 효동,2022H80
361,박민준,여,1994.5.16,유,유,무,사망,음주운전,2022.5.17,103,서구 둔상동,2022Z13
362,황선우,여,1965.9.28,유,유,무,사망,중앙선 침범,2022.12.31,129,유성구 전민동,2022L4
363,조준우,남,2001.4.9,유,유,무,부상,과속,2022.5.5,108,동구 삼성동,2022Z6
364,조도윤,남,1981.5.20,유,유,무,사망,과속,2022.10.26,121,동구 용운동,2022J63
365,한지유,여,1961.1.23,유,유,무,부상,음주운전,2022.9.25,89,중구 은행선화동,2022I68
366,이하은,남,1970.10.26,유,유,무,부상,신호위반,2022.6.10,94,서구 둔상동,2022F48
367,이주호,남,1971.3.20,유,유,무,부상,음주운전,2022.9.4,110,대덕구 석봉동,2022I36
368,육서연,남,1967.9.21,유,유,무,부상,중앙선 침범,2022.12.24,103,대덕구 석봉동,2022L17
369,곽준우,남,1986.9.21,유,유,유,부상,음주운전,2022.3.19,119,중구 은행선화동,2022C64
370,정주호,남,1972.9.24,유,유,무,사망,과속,2022.10.13,126,유성구 신성동,2022J20
371,노준서,남,1993.11.15,유,유,무,부상,음주운전,2022.2.15,115,유성구 전민동,2022B7
372,한지안,여,1977.12.17,유,유,무,사망,과속,2022.7.21,127,중구 오류동,2022G48
373,성하준,여,1993.2.19,유,유,무,사망,과속,2022.11.29,129,중구 대사동,2022K41
374,김준우,남,1997.3.25,유,유,유,사망,과속,2022.2.28,126,유성구 전민동,2022B29
375,한도윤,남,1963.6.4,유,유,무,부상,중앙선 침범,2022.8.31,114,중구 은행선화동,2022H47
376,조선우,남,1988.11.17,유,유,무,부상,중앙선 침범,2022.3.17,86,중구 오류동,2022C54
377,박시우,남,1989.2.22,유,유,무,사망,과속,2022.1.25,125,유성구 관평동,2022A6
378,유지후,남,1967.9.2,유,유,무,부상,과속,2022.7.28,106,유성구 신성동,2022G41
379,이하준,남,1988.10.12,유,유,무,부상,과속,2022.6.17,80,동구 신인동,2022F98
380,조수정,남,1982.8.28,유,유,무,사망,신호위반,2022.3.15,122,대덕구 석봉동,2022C30
381,육채원,여,1976.2.3,유,유,무,사망,중앙선 침범,2022.6.22,112,대덕구 법동,2022F83
382,장수정,남,1965.7.9,유,유,무,사망,과속,2022.3.9,120,동구 효동,2022C61
383,유지유,여,1977.9.2,유,유,무,사망,음주운전,2022.9.13,127,중구 오류동,2022I77
384,노지유,남,1964.3.24,유,유,무,부상,음주운전,2022.5.22,111,서구 둔상동,2022Z67
385,최서연,남,1978.12.10,유,유,무,사망,신호위반,2022.1.12,94,대덕구 오정동,2022A22
386,한하은,여,1979.2.1,유,유,무,부상,신호위반,2022.12.3,98,중구 대흥동,2022L72
387,정민준,여,1973.10.19,유,유,무,부상,신호위반,2022.5.18,99,서구 만년동,2022Z50
388,이준서,여,1970.2.26,유,유,무,부상,음주운전,2022.1.21,84,동구 신인동,2022A90
389,성하윤,여,1998.6.9,유,유,무,부상,중앙선 침범,2022.2.29,88,동구 자양동,2022B12
390,박채은,남,1962.4.22,유,유,무,사망,과속,2022.7.27,127,유성구 신성동,2022G57
391,유민서,여,1978.3.17,유,유,무,부상,음주운전,2022.11.13,84,유성구 전민동,2022K12
392,육서윤,남,1976.7.19,유,유,무,부상,신호위반,2022.3.15,105,유성구 전민동,2022C88
393,한지원,여,1981.12.3,유,유,무,부상,음주운전,2022.3.30,89,대덕구 석봉동,2022C41
394,노예준,남,1982.4.2,유,유,무,부상,중앙선 침범,2022.11.10,95,유성구 신성동,2022K54
395,노주호,여,2001.12.23,유,유,무,부상,과속,2022.5.18,94,대덕구 송촌동,2022Z65
396,유준서,여,1969.10.30,유,유,무,부상,과속,2022.1.8,114,대덕구 회덕동,2022A24
397,노지우,여,1998.10.8,유,유,무,부상,중앙선 침범,2022.11.3,86,중구 대사동,2022K42
398,황윤서,여,1979.12.9,유,유,무,부상,신호위반,2022.8.14,113,대덕구 송촌동,2022H83
399,조하윤,여,1988.5.10,유,유,무,부상,중앙선 침범,2022.9.4,103,유성구 관평동,2022I8
400,한서연,여,1976.12.25,유,유,무,부상,중앙선 침범,2022.7.22,87,유성구 신성동,2022G67
401,노지후,여,1965.7.11,유,유,무,부상,과속,2022.8.30,92,중구 은행선화동,2022H65
402,이채은,여,1995.8.19,유,유,무,사망,과속,2022.10.22,126,대덕구 송촌동,2022J60
403,박선우,남,1990.11.15,유,유,무,부상,신호위반,2022.11.31,92,대덕구 송촌동,2022K59
404,정민서,남,1988.6.3,유,유,무,부상,중앙선 침범,2022.5.13,119,유성구 신성동,2022Z54
405,박윤서,남,1975.11.27,유,유,무,부상,중앙선 침범,2022.12.11,90,대덕구 석봉동,2022L92
406,황시우,여,1972.4.2,유,유,유,부상,음주운전,2022.1.9,102,서구 월평동,2022A84
407,박채은,남,1977.9.14,유,유,무,사망,과속,2022.1.29,98,중구 대흥동,2022A75
408,유연우,남,1963.8.1,유,유,유,사망,과속,2022.12.10,128,유성구 전민동,2022L89
409,곽서윤,남,1967.4.20,유,유,무,사망,음주운전,2022.3.8,124,서구 도마동,2022C49
410,성서윤,남,2002.2.1,유,유,무,사망,음주운전,2022.3.8,128,서구 도마동,2022C49
411,성하준,여,1984.1.10,유,유,유,부상,음주운전,2022.8.30,89,동구 효동,2022H80
412,노지민,남,1961.8.11,유,유,무,부상,음주운전,2022.12.17,97,서구 갈마동,2022L52
413,유시우,여,1971.1.3,유,유,무,부상,중앙선 침범,2022.7.20,92,동구 신인동,2022G10
414,노채은,여,1992.5.20,유,유,무,부상,중앙선 침범,2022.5.24,105,유성구 전민동,2022Z48
415,황수정,남,1969.7.13,유,유,무,부상,과속,2022.5.29,88,중구 은행선화동,2022Z2
416,정선우,여,1977.8.23,유,유,무,부상,과속,2022.10.28,116,중구 대흥동,2022J5
417,유서준,남,1972.7.13,유,유,무,부상,신호위반,2022.3.25,83,서구 둔상동,2022C47
418,정주원,남,1976.2.16,유,유,무,부상,신호위반,2022.8.22,100,서구 도마동,2022H3
419,조채원,여,1987.9.26,유,유,무,부상,중앙선 침범,2022.11.25,102,동구 삼성동,2022K95
420,조지우,남,2000.2.14,유,유,무,사망,신호위반,2022.2.20,94,동구 삼성동,2022B83
421,한지민,여,1978.11.28,유,유,무,부상,중앙선 침범,2022.8.16,111,중구 대사동,2022H8
422,정주호,남,1974.9.9,유,유,무,사망,과속,2022.4.15,125,중구 오류동,2022D28
423,김하은,남,1996.3.24,유,유,무,부상,과속,2022.1.8,82,서구 둔상동,2022A13
424,유지우,여,2002.9.11,유,유,무,부상,중앙선 침범,2022.5.22,113,서구 둔상동,2022Z66
425,육지후,여,1964.10.1,유,유,무,부상,신호위반,2022.7.27,96,동구 용운동,2022G76
426,황연우,여,1989.6.30,유,유,무,부상,중앙선 침범,2022.10.28,117,유성구 신성동,2022J24
427,정도윤,남,1984.1.16,유,유,무,부상,중앙선 침범,2022.3.17,118,중구 오류동,2022C54
428,노하은,남,1994.2.25,유,유,무,사망,과속,2022.10.29,123,서구 만년동,2022J98
429,박채원,여,1989.6.24,유,유,무,사망,과속,2022.10.19,112,대덕구 회덕동,2022J26
430,한윤서,남,1973.9.31,유,유,무,부상,중앙선 침범,2022.10.13,105,동구 효동,2022J96
431,곽서윤,여,1998.2.18,유,유,무,부상,음주운전,2022.5.19,84,유성구 신성동,2022Z81
432,정서현,여,1981.4.6,유,유,유,부상,음주운전,2022.9.25,88,서구 만년동,2022I28
433,육예준,남,1997.9.28,유,유,무,사망,과속,2022.3.12,126,대덕구 회덕동,2022C86
434,정서현,남,1960.5.5,유,유,무,사망,과속,2022.6.18,128,대덕구 법동,2022F88
435,이지안,여,1997.2.16,유,유,무,부상,음주운전,2022.12.16,111,대덕구 회덕동,2022L21
436,유예준,남,1990.1.12,유,유,무,부상,음주운전,2022.1.3,91,동구 용운동,2022A15
437,정서연,남,1966.8.15,유,유,무,사망,과속,2022.7.20,127,대덕구 법동,2022G94
438,박지우,여,1994.9.15,유,유,무,부상,신호위반,2022.12.3,93,중구 대흥동,2022L7
439,조시우,여,1973.1.9,유,유,무,부상,중앙선 침범,2022.7.31,96,중구 대사동,2022G33
440,정민준,여,1976.10.13,유,유,무,사망,과속,2022.4.25,124,동구 삼성동,2022D57
441,성시우,남,1962.6.25,유,유,무,부상,과속,2022.10.23,101,대덕구 석봉동,2022J64
442,박도윤,남,1988.2.8,유,유,무,부상,중앙선 침범,2022.11.30,93,서구 갈마동,2022K86
443,유지민,여,1987.6.3,유,유,무,사망,과속,2022.7.3,128,동구 효동,2022G68
444,황도윤,남,1981.11.13,유,유,무,부상,신호위반,2022.10.19,92,중구 대사동,2022J83
445,노하윤,남,1999.6.15,유,유,무,부상,과속,2022.1.25,114,유성구 관평동,2022A60
446,정윤서,여,1965.4.15,유,유,무,부상,음주운전,2022.5.19,95,유성구 신성동,2022Z81
447,한서현,여,1991.3.26,유,유,무,부상,음주운전,2022.3.11,97,서구 둔상동,2022C90
448,유하은,남,1981.11.25,유,유,무,부상,중앙선 침범,2022.1.27,95,중구 은행선화동,2022A69
449,유서진,여,1979.6.2,유,유,유,부상,음주운전,2022.5.24,105,유성구 진잠동,2022Z82
450,조서진,여,1961.8.4,유,유,무,부상,신호위반,2022.5.21,109,대덕구 회덕동,2022Z80
451,곽채원,여,1982.4.31,유,유,무,부상,신호위반,2022.10.24,100,동구 신인동,2022J35
452,노지민,남,1962.9.22,유,유,무,부상,음주운전,2022.6.18,93,서구 도마동,2022F40
453,김주원,여,1986.4.26,유,유,무,사망,신호위반,2022.6.31,123,대덕구 회덕동,2022F41
454,곽윤서,남,2001.7.29,유,유,무,사망,과속,2022.3.7,124,대덕구 회덕동,2022C52
455,유윤서,여,1993.2.27,유,유,무,부상,중앙선 침범,2022.12.6,110,동구 효동,2022L71
456,박준서,여,1971.8.15,유,유,무,부상,중앙선 침범,2022.10.4,85,동구 신인동,2022J12
457,유민준,남,2000.3.30,유,유,무,부상,신호위반,2022.2.23,94,유성구 관평동,2022B20
458,성하윤,여,1974.8.25,유,유,무,사망,음주운전,2022.5.22,120,서구 둔상동,2022Z67
459,노하윤,여,1989.1.23,유,유,무,사망,과속,2022.1.8,122,동구 신인동,2022A65
460,한준우,여,1987.5.6,유,유,무,부상,중앙선 침범,2022.10.18,89,대덕구 회덕동,2022J37
461,유민서,남,1971.6.13,유,유,무,부상,음주운전,2022.8.29,85,유성구 진잠동,2022H94
462,이시우,남,1980.3.19,유,유,무,사망,음주운전,2022.10.14,112,동구 신인동,2022J75
463,육지후,여,1997.9.21,유,유,무,부상,음주운전,2022.9.15,106,동구 신인동,2022I21
464,장지안,여,1975.10.17,유,유,무,부상,과속,2022.1.11,109,서구 둔상동,2022A92
465,유수정,여,1977.1.10,유,유,무,부상,과속,2022.7.8,100,서구 갈마동,2022G26
466,정지호,남,1987.1.16,유,유,무,부상,중앙선 침범,2022.6.15,96,중구 목동,2022F63
467,황하윤,여,1993.5.20,유,유,무,사망,과속,2022.6.23,126,서구 둔상동,2022F82
468,조준우,남,1986.7.5,유,유,무,사망,과속,2022.1.13,128,서구 둔상동,2022A87
469,노서준,여,1995.11.30,유,유,무,부상,과속,2022.4.15,89,중구 오류동,2022D28
470,한수정,여,1972.3.14,유,유,무,부상,음주운전,2022.4.12,113,서구 갈마동,2022D98
471,한윤서,여,1988.3.9,유,유,무,사망,중앙선 침범,2022.4.7,109,대덕구 법동,2022D12
472,한서준,남,1986.11.14,유,유,무,부상,과속,2022.2.8,102,중구 대흥동,2022B17
473,장예준,여,1980.1.4,유,유,유,부상,음주운전,2022.10.4,103,중구 목동,2022J90
474,김선우,남,1998.10.31,유,유,무,부상,중앙선 침범,2022.12.31,115,유성구 노은동,2022L61
475,유예준,여,1965.7.5,유,유,무,부상,중앙선 침범,2022.5.27,89,서구 도마동,2022Z42
476,박하준,남,1983.3.8,유,유,무,부상,과속,2022.12.14,91,중구 오류동,2022L87
477,성지호,여,1992.1.4,유,유,무,부상,신호위반,2022.7.7,115,동구 자양동,2022G85
478,성서준,남,2001.3.14,유,유,무,부상,중앙선 침범,2022.6.24,95,유성구 전민동,2022F38
479,곽지후,여,1990.1.4,유,유,무,부상,과속,2022.1.8,99,서구 둔상동,2022A13
480,최지우,남,1971.3.5,유,유,무,부상,과속,2022.2.22,86,중구 은행선화동,2022B61
481,정수정,남,1967.5.12,유,유,유,부상,음주운전,2022.4.6,87,대덕구 법동,2022D65
482,박수정,남,1982.2.18,유,유,무,부상,과속,2022.4.31,112,대덕구 법동,2022D94
483,박서윤,남,1991.1.8,유,유,무,부상,신호위반,2022.4.16,116,유성구 진잠동,2022D76
484,황연우,여,1982.7.28,유,유,무,부상,신호위반,2022.1.24,87,중구 대흥동,2022A34
485,장예준,남,1974.5.28,유,유,무,부상,음주운전,2022.8.6,81,동구 효동,2022H13
486,최지유,여,1974.6.2,유,유,무,부상,과속,2022.2.22,110,중구 은행선화동,2022B61
487,정지후,여,1979.4.26,유,유,무,부상,과속,2022.9.9,95,동구 효동,2022I81
488,장서진,남,1964.4.14,유,유,무,사망,중앙선 침범,2022.12.25,102,유성구 관평동,2022L66
489,곽도윤,남,1964.2.2,유,유,무,부상,과속,2022.5.29,90,서구 도마동,2022Z84
490,정하은,여,1962.1.13,유,유,무,사망,과속,2022.5.6,128,유성구 관평동,2022Z76
491,노서연,여,1963.7.24,유,유,무,부상,신호위반,2022.12.8,88,동구 효동,2022L25
492,한민준,여,1994.7.24,유,유,유,부상,음주운전,2022.12.25,112,서구 만년동,2022L34
493,유도윤,여,1978.7.7,유,유,무,부상,신호위반,2022.11.5,101,대덕구 법동,2022K23
494,유지안,남,1985.8.25,유,유,무,부상,음주운전,2022.6.9,108,서구 월평동,2022F21
495,곽선우,여,1975.9.3,유,유,무,부상,과속,2022.6.18,92,대덕구 법동,2022F88
496,박주호,남,1975.9.25,유,유,무,부상,과속,2022.4.30,119,유성구 전민동,2022D58
497,성서진,남,1977.7.26,유,유,무,부상,음주운전,2022.7.11,84,대덕구 송촌동,2022G44
498,곽하준,여,1992.10.19,유,유,무,부상,음주운전,2022.5.29,95,서구 월평동,2022Z95
499,황하준,여,1986.7.10,유,유,무,사망,과속,2022.1.25,128,동구 신인동,2022A70
500,노서준,남,1971.7.24,유,유,무,부상,음주운전,2022.4.11,107,유성구 신성동,2022D43
501,정선우,여,1971.1.3,유,유,무,사망,과속,2022.3.15,127,대덕구 법동,2022C83
502,황서진,남,1980.8.18,유,유,무,부상,중앙선 침범,2022.6.20,115,서구 갈마동,2022F32
503,이지안,여,1975.3.17,유,유,무,사망,중앙선 침범,2022.1.19,125,중구 오류동,2022A95
504,이서연,여,1974.9.2,유,유,무,사망,음주운전,2022.4.23,129,중구 은행선화동,2022D74
505,정민준,남,1970.2.27,유,유,무,사망,음주운전,2022.3.14,126,동구 자양동,2022C65
506,이서연,여,1979.7.18,유,유,유,부상,음주운전,2022.4.13,90,대덕구 오정동,2022D64
507,한주원,남,1975.7.24,유,유,무,부상,음주운전,2022.12.16,98,대덕구 회덕동,2022L21
508,김지원,남,1985.2.21,유,유,무,부상,중앙선 침범,2022.3.23,110,서구 도마동,2022C39
509,황연우,남,1964.8.3,유,유,무,사망,과속,2022.4.19,126,중구 대사동,2022D20
510,곽주호,여,1967.4.30,유,유,무,사망,과속,2022.10.19,125,대덕구 회덕동,2022J2
511,김채원,남,1980.4.15,유,유,무,사망,중앙선 침범,2022.6.22,126,대덕구 법동,2022F83
512,육하은,여,1982.10.29,유,유,무,사망,과속,2022.6.25,123,서구 만년동,2022F60
513,황하은,남,1987.3.24,유,유,무,부상,과속,2022.1.25,114,유성구 노은동,2022A67
514,곽채원,남,1984.3.15,유,유,무,부상,과속,2022.4.25,95,중구 목동,2022D30
515,장지우,남,1986.3.28,유,유,유,부상,음주운전,2022.7.5,108,유성구 진잠동,2022G24
516,이지원,남,2000.4.12,유,유,무,부상,중앙선 침범,2022.3.23,105,서구 도마동,2022C39
517,최주원,여,1988.1.15,유,유,무,부상,중앙선 침범,2022.9.1,86,중구 오류동,2022I93
518,성시우,남,1992.11.10,유,유,무,사망,중앙선 침범,2022.10.10,100,유성구 신성동,2022J22
519,성준서,여,1963.8.3,유,유,무,사망,과속,2022.9.25,122,서구 만년동,2022I43
520,조채원,남,1995.6.1,유,유,무,사망,중앙선 침범,2022.8.31,123,중구 은행선화동,2022H47
521,유채은,남,1983.2.21,유,유,무,부상,과속,2022.9.22,97,유성구 노은동,2022I9
522,최지원,남,1969.3.17,유,유,무,부상,음주운전,2022.9.11,89,대덕구 송촌동,2022I27
523,장준우,남,1973.4.20,유,유,무,사망,신호위반,2022.12.12,127,동구 자양동,2022L97
524,성도윤,남,1985.7.14,유,유,무,부상,중앙선 침범,2022.8.29,101,유성구 노은동,2022H29
525,성서진,남,1985.8.9,유,유,무,부상,과속,2022.3.30,118,동구 자양동,2022C45
526,최하준,여,1964.1.4,유,유,무,부상,음주운전,2022.6.10,115,유성구 신성동,2022F8
527,최서현,남,1993.2.29,유,유,무,사망,신호위반,2022.10.18,125,중구 대사동,2022J4
528,김준서,여,1965.12.19,유,유,무,사망,신호위반,2022.11.28,128,유성구 관평동,2022K73
529,조서진,남,1972.10.5,유,유,무,사망,과속,2022.4.19,123,동구 삼성동,2022D4
530,곽예준,남,1985.12.25,유,유,무,부상,중앙선 침범,2022.5.22,82,중구 은행선화동,2022Z74
531,황민준,여,1996.8.11,유,유,무,부상,음주운전,2022.4.23,102,대덕구 송촌동,2022D38
532,성준우,여,1987.10.31,유,유,무,부상,음주운전,2022.3.5,89,중구 대사동,2022C37
533,정지안,남,1967.8.7,유,유,유,부상,음주운전,2022.8.7,105,서구 둔상동,2022H40
534,유서진,남,1969.5.20,유,유,무,부상,신호위반,2022.10.28,108,서구 도마동,2022J48
535,최서현,남,1973.5.15,유,유,무,사망,중앙선 침범,2022.9.3,91,동구 용운동,2022I24
536,노선우,여,1965.6.18,유,유,무,부상,과속,2022.8.27,111,동구 용운동,2022H33
537,유지호,남,1984.3.19,유,유,무,부상,중앙선 침범,2022.12.24,111,중구 목동,2022L78
538,최지후,남,1986.1.6,유,유,무,부상,과속,2022.10.19,115,대덕구 회덕동,2022J2
539,최서윤,여,1969.11.8,유,유,무,부상,음주운전,2022.8.11,81,서구 둔상동,2022H7
540,박지후,여,2002.9.20,유,유,무,부상,과속,2022.3.26,97,유성구 전민동,2022C10
541,정주원,여,2000.6.28,유,유,무,사망,과속,2022.12.3,126,동구 신인동,2022L44
542,유하윤,남,1987.7.15,유,유,무,부상,신호위반,2022.8.26,104,중구 대사동,2022H54
543,박민준,여,1979.10.12,유,유,무,부상,신호위반,2022.3.15,88,대덕구 석봉동,2022C30
544,김하은,여,1993.12.23,유,유,무,부상,과속,2022.7.15,110,유성구 노은동,2022G5
545,조채은,남,1986.4.20,유,유,무,부상,신호위반,2022.4.18,96,서구 갈마동,2022D75
546,김하윤,남,1992.2.9,유,유,무,사망,과속,2022.10.3,106,대덕구 오정동,2022J57
547,최수정,남,1992.7.25,유,유,무,사망,과속,2022.12.15,120,서구 도마동,2022L79
548,김준서,남,1973.5.13,유,유,무,부상,음주운전,2022.7.28,108,동구 용운동,2022G51
549,성주호,여,1963.11.12,유,유,무,부상,과속,2022.3.15,113,중구 오류동,2022C84
550,정지후,여,1971.2.28,유,유,무,부상,신호위반,2022.4.8,101,서구 월평동,2022D17
551,육채원,남,1967.2.15,유,유,무,부상,중앙선 침범,2022.12.3,83,동구 자양동,2022L23
552,곽수정,여,1992.9.17,유,유,무,부상,중앙선 침범,2022.7.26,83,유성구 진잠동,2022G40
553,최지호,여,1970.5.31,유,유,유,부상,음주운전,2022.8.2,81,유성구 진잠동,2022H96
554,성지유,여,2000.9.27,유,유,무,부상,음주운전,2022.5.30,94,대덕구 송촌동,2022Z91
555,유지유,남,1991.10.31,유,유,무,사망,중앙선 침범,2022.12.31,121,유성구 노은동,2022L61
556,조서윤,남,1989.12.4,유,유,무,부상,과속,2022.7.15,80,유성구 노은동,2022G5
557,정하준,여,1976.7.9,유,유,무,사망,과속,2022.11.9,123,서구 갈마동,2022K14
558,황주원,남,1980.7.21,유,유,무,사망,과속,2022.10.19,128,대덕구 회덕동,2022J2
559,한수정,여,1999.2.17,유,유,무,부상,과속,2022.2.22,113,중구 대사동,2022B4
560,유주원,남,1960.6.2,유,유,무,부상,과속,2022.3.13,110,동구 자양동,2022C5
561,성수정,여,1988.8.21,유,유,무,부상,중앙선 침범,2022.12.30,101,서구 갈마동,2022L49
562,이연우,남,1971.12.20,유,유,무,부상,신호위반,2022.5.7,97,유성구 신성동,2022Z18
563,김지후,여,1985.12.23,유,유,무,부상,중앙선 침범,2022.7.31,106,중구 대사동,2022G33
564,노주원,여,1969.3.8,유,유,무,부상,신호위반,2022.2.23,100,대덕구 회덕동,2022B19
565,노수정,남,1975.11.7,유,유,무,부상,신호위반,2022.5.23,98,대덕구 석봉동,2022Z97
566,황서윤,여,1998.8.27,유,유,무,부상,신호위반,2022.6.1,111,유성구 관평동,2022F76
567,장하윤,여,1981.12.1,유,유,무,부상,신호위반,2022.2.20,111,중구 오류동,2022B62
568,곽서진,여,1971.4.19,유,유,유,부상,음주운전,2022.1.31,86,유성구 관평동,2022A51
569,이윤서,남,2000.7.16,유,유,무,부상,신호위반,2022.1.24,83,중구 대흥동,2022A34
570,김준서,남,1974.1.19,유,유,무,부상,중앙선 침범,2022.1.8,81,중구 대사동,2022A29
571,한하준,남,1965.6.5,유,유,유,사망,음주운전,2022.5.12,128,서구 도마동,2022Z86
572,김지우,남,1990.3.4,유,유,무,부상,과속,2022.3.17,102,동구 신인동,2022C79
573,육선우,여,1968.2.11,유,유,무,부상,음주운전,2022.9.25,96,동구 효동,2022I13
574,한민준,남,1968.11.6,유,유,무,부상,과속,2022.12.2,83,서구 만년동,2022L59
575,정연우,여,1989.11.20,유,유,무,부상,과속,2022.6.18,112,대덕구 법동,2022F88
576,성채은,여,1991.5.22,유,유,무,부상,신호위반,2022.4.31,111,유성구 신성동,2022D70
577,노주호,여,1999.10.1,유,유,유,사망,과속,2022.11.28,129,유성구 노은동,2022K38
578,황시우,여,1967.3.22,유,유,무,부상,신호위반,2022.3.19,84,중구 목동,2022C89
579,한준우,여,1987.4.26,유,유,무,사망,과속,2022.2.8,109,중구 오류동,2022B95
580,조지후,남,2001.5.16,유,유,무,사망,과속,2022.8.17,107,유성구 전민동,2022H61
581,장서연,남,1984.4.6,유,유,무,부상,중앙선 침범,2022.7.12,84,동구 용운동,2022G18
582,성주호,여,1999.5.8,유,유,무,부상,음주운전,2022.11.29,99,중구 오류동,2022K5
583,이주원,남,1978.2.2,유,유,무,부상,중앙선 침범,2022.6.22,113,대덕구 법동,2022F83
584,노예준,여,1998.3.23,유,유,유,부상,음주운전,2022.11.2,101,유성구 노은동,2022K49
585,정서준,여,1999.1.29,유,유,무,사망,과속,2022.5.6,126,유성구 관평동,2022Z7
586,장민서,남,1970.7.15,유,유,무,부상,중앙선 침범,2022.8.27,106,대덕구 법동,2022H36
587,최서현,여,1995.8.23,유,유,무,사망,중앙선 침범,2022.4.12,125,동구 자양동,2022D63
588,정도윤,남,1996.6.12,유,유,무,부상,과속,2022.7.12,111,대덕구 회덕동,2022G45
589,최서준,남,1980.9.5,유,유,무,부상,중앙선 침범,2022.4.30,107,대덕구 송촌동,2022D85
590,정민서,여,1994.6.25,유,유,무,부상,신호위반,2022.3.15,110,대덕구 석봉동,2022C30
591,최선우,여,1973.6.18,유,유,무,부상,신호위반,2022.11.26,89,유성구 노은동,2022K83
592,최채원,남,1984.8.7,유,유,무,부상,중앙선 침범,2022.3.30,99,유성구 노은동,2022C68
593,곽지우,남,1982.5.8,유,유,무,부상,과속,2022.7.20,95,대덕구 법동,2022G94
594,박서윤,여,1995.4.23,유,유,무,부상,과속,2022.7.21,105,중구 오류동,2022G48
595,최채원,여,1979.11.26,유,유,무,부상,음주운전,2022.11.29,96,중구 오류동,2022K51
596,김수정,남,1984.4.19,유,유,무,부상,과속,2022.9.14,93,서구 갈마동,2022I23
597,최도윤,남,1973.7.30,유,유,무,사망,과속,2022.6.7,124,대덕구 송촌동,2022F35
598,유주호,여,1976.6.21,유,유,무,부상,신호위반,2022.4.5,111,대덕구 송촌동,2022D40
599,이지호,남,1974.12.10,유,유,무,사망,중앙선 침범,2022.5.18,128,대덕구 법동,2022Z9
600,노채은,여,1965.11.8,유,유,무,부상,음주운전,2022.10.14,98,동구 신인동,2022J75
601,박서연,남,1998.11.9,유,유,무,부상,신호위반,2022.9.15,80,서구 갈마동,2022I48
602,노시우,남,1965.11.20,유,유,무,부상,과속,2022.5.27,102,동구 용운동,2022Z98
603,육예준,여,1964.6.14,유,유,무,부상,중앙선 침범,2022.12.1,93,대덕구 법동,2022L84
604,장윤서,남,1986.1.4,유,유,무,부상,과속,2022.4.19,88,중구 목동,2022D67
605,노채원,여,1976.5.6,유,유,무,사망,과속,2022.6.8,129,유성구 신성동,2022F15
606,곽시우,남,1994.6.6,유,유,유,부상,음주운전,2022.8.2,101,유성구 진잠동,2022H96
607,육지유,여,1996.10.31,유,유,무,사망,음주운전,2022.2.15,126,유성구 관평동,2022B66
608,육준서,남,1985.7.26,유,유,무,부상,과속,2022.1.21,87,동구 용운동,2022A52
609,곽주원,남,1995.7.30,유,유,무,부상,과속,2022.8.29,92,유성구 신성동,2022H2
610,노채은,여,1994.9.11,유,유,유,사망,과속,2022.2.25,123,중구 목동,2022B76
611,유수정,남,1994.1.9,유,유,유,부상,음주운전,2022.7.22,88,대덕구 송촌동,2022G49
612,성주원,여,1992.3.6,유,유,무,부상,신호위반,2022.5.8,88,유성구 신성동,2022Z52
613,한지우,여,1986.7.14,유,유,무,부상,신호위반,2022.8.30,98,서구 둔상동,2022H84
614,노서연,여,1970.6.12,유,유,무,사망,과속,2022.7.20,127,대덕구 법동,2022G94
615,박서윤,남,1987.5.17,유,유,무,사망,음주운전,2022.11.25,109,유성구 노은동,2022K11
616,유연우,여,2002.8.20,유,유,무,부상,중앙선 침범,2022.1.7,111,유성구 전민동,2022A50
617,최시우,남,1989.10.22,유,유,유,부상,음주운전,2022.2.16,96,중구 은행선화동,2022B91
618,장선우,여,2002.10.14,유,유,유,부상,음주운전,2022.9.15,113,동구 자양동,2022I37
619,정지안,여,1980.4.26,유,유,무,부상,중앙선 침범,2022.11.3,91,중구 대사동,2022K42
620,육선우,여,1982.2.12,유,유,무,부상,과속,2022.6.31,105,동구 삼성동,2022F52
621,장서진,여,1976.9.31,유,유,무,부상,음주운전,2022.12.17,99,동구 삼성동,2022L53
622,곽서윤,여,1984.6.8,유,유,무,부상,중앙선 침범,2022.4.19,89,중구 은행선화동,2022D47
623,한지유,여,1971.12.13,유,유,무,부상,신호위반,2022.2.10,82,동구 신인동,2022B70
624,정시우,여,1987.9.18,유,유,무,부상,신호위반,2022.5.4,103,동구 용운동,2022Z26
625,한채원,남,1979.2.13,유,유,무,부상,과속,2022.4.25,98,중구 목동,2022D3
626,한서준,여,1969.5.15,유,유,무,사망,중앙선 침범,2022.11.31,91,유성구 진잠동,2022K22
627,박하은,여,1983.8.21,유,유,무,부상,신호위반,2022.10.27,83,유성구 진잠동,2022J27
628,장지호,여,1968.5.4,유,유,무,부상,중앙선 침범,2022.6.8,109,유성구 진잠동,2022F81
629,조도윤,여,1999.2.7,유,유,무,부상,음주운전,2022.7.14,117,대덕구 송촌동,2022G61
630,장준우,여,1976.2.16,유,유,무,부상,음주운전,2022.10.1,81,동구 효동,2022J54
631,박하준,여,1996.11.13,유,유,무,사망,음주운전,2022.6.10,128,유성구 신성동,2022F86
632,한지안,남,1964.5.21,유,유,무,사망,중앙선 침범,2022.12.30,123,서구 갈마동,2022L49
633,육지유,여,2001.2.7,유,유,무,사망,과속,2022.10.6,126,중구 대사동,2022J39
634,박서윤,남,2002.7.29,유,유,무,부상,과속,2022.7.2,91,유성구 관평동,2022G31
635,성지민,남,1976.2.21,유,유,무,부상,신호위반,2022.11.23,86,동구 신인동,2022K9
636,김시우,여,1993.7.22,유,유,무,부상,음주운전,2022.3.13,92,유성구 전민동,2022C75
637,한수정,남,1990.12.21,유,유,무,부상,중앙선 침범,2022.12.16,84,서구 월평동,2022L65
638,김주원,남,1989.7.21,유,유,무,사망,과속,2022.5.27,128,동구 삼성동,2022Z51
639,노하준,남,1968.6.30,유,유,유,부상,음주운전,2022.8.8,110,대덕구 법동,2022H38
640,정서연,여,1983.10.19,유,유,무,사망,과속,2022.12.16,119,유성구 노은동,2022L93
641,정시우,남,1999.7.17,유,유,무,부상,과속,2022.9.10,116,유성구 노은동,2022I51
642,한채원,여,1974.6.11,유,유,무,부상,과속,2022.3.10,110,유성구 노은동,2022C46
643,김지후,여,1985.9.18,유,유,무,사망,과속,2022.1.7,128,대덕구 법동,2022A77
644,김채은,여,1960.5.24,유,유,무,부상,음주운전,2022.8.29,109,유성구 진잠동,2022H94
645,이민서,여,1975.2.23,유,유,무,사망,과속,2022.11.7,125,서구 월평동,2022K44
646,정채은,남,1960.3.21,유,유,무,사망,중앙선 침범,2022.12.31,128,유성구 노은동,2022L61
647,황준서,남,1988.6.24,유,유,무,부상,음주운전,2022.9.30,98,대덕구 송촌동,2022I17
648,김지유,남,1981.6.23,유,유,무,부상,과속,2022.8.29,95,대덕구 오정동,2022H88
649,박지우,여,1979.3.4,유,유,무,부상,과속,2022.11.6,102,중구 대흥동,2022K8
650,정수정,여,1986.8.22,유,유,무,부상,중앙선 침범,2022.5.17,96,유성구 전민동,2022Z77
651,육민준,남,1961.12.31,유,유,무,부상,과속,2022.1.2,86,서구 도마동,2022A23
652,유서연,여,1995.11.6,유,유,무,사망,과속,2022.10.14,122,중구 목동,2022J21
653,조지우,여,1993.2.12,유,유,무,부상,음주운전,2022.6.10,103,유성구 신성동,2022F8
654,장하은,여,1965.8.8,유,유,무,부상,음주운전,2022.12.28,85,동구 효동,2022L90
655,노지안,여,1983.7.8,유,유,무,사망,신호위반,2022.8.12,110,유성구 신성동,2022H12
656,육서연,남,1983.12.7,유,유,무,부상,신호위반,2022.10.27,90,유성구 진잠동,2022J27
657,곽준서,남,1980.6.11,유,유,무,부상,중앙선 침범,2022.9.11,117,동구 용운동,2022I54
658,최지원,여,1976.1.31,유,유,무,부상,중앙선 침범,2022.12.27,105,중구 대흥동,2022L29
659,한서준,남,1968.1.28,유,유,무,사망,중앙선 침범,2022.9.9,128,서구 만년동,2022I92
660,유연우,남,1998.5.22,유,유,무,부상,과속,2022.1.7,101,대덕구 법동,2022A77
661,이채은,남,1973.12.4,유,유,유,사망,과속,2022.7.7,121,서구 갈마동,2022G32
662,최지우,여,1992.3.17,유,유,무,부상,과속,2022.5.6,111,유성구 관평동,2022Z76
663,유서준,남,1989.6.27,유,유,무,부상,중앙선 침범,2022.9.17,117,유성구 진잠동,2022I12
664,최예준,여,1972.12.5,유,유,무,부상,과속,2022.6.5,116,유성구 신성동,2022F9
665,장채은,여,1978.3.4,유,유,무,부상,과속,2022.12.9,102,유성구 신성동,2022L41
666,황하윤,여,1982.4.13,유,유,유,부상,과속,2022.11.28,119,유성구 노은동,2022K38
667,박선우,여,1974.5.12,유,유,무,사망,중앙선 침범,2022.3.11,114,중구 오류동,2022C42
668,한민서,남,1997.6.5,유,유,무,부상,신호위반,2022.5.26,112,대덕구 법동,2022Z99
669,노서준,여,1976.12.27,유,유,무,부상,음주운전,2022.8.30,111,유성구 진잠동,2022H93
670,이시우,여,1972.5.7,유,유,무,부상,신호위반,2022.1.9,117,중구 오류동,2022A18
671,이선우,남,1973.7.10,유,유,무,사망,과속,2022.11.2,127,대덕구 송촌동,2022K71
672,황하윤,남,1989.8.1,유,유,유,사망,과속,2022.5.21,126,대덕구 석봉동,2022Z88
673,장준우,남,1987.5.12,유,유,무,부상,음주운전,2022.11.22,104,서구 갈마동,2022K96
674,이지유,남,1999.3.26,유,유,무,사망,과속,2022.7.23,126,동구 용운동,2022G12
675,김시우,여,1994.12.1,유,유,무,부상,과속,2022.8.1,92,중구 대사동,2022H10
676,노수정,여,1980.12.27,유,유,무,부상,중앙선 침범,2022.3.17,113,중구 오류동,2022C54
677,김예준,남,1970.8.10,유,유,유,부상,음주운전,2022.4.16,117,대덕구 오정동,2022D69
678,장윤서,여,1994.5.19,유,유,무,부상,음주운전,2022.9.15,104,동구 신인동,2022I21
679,곽서진,남,1976.5.12,유,유,무,부상,음주운전,2022.3.14,89,대덕구 오정동,2022C35
680,유지민,여,1991.10.27,유,유,무,사망,음주운전,2022.6.10,126,유성구 신성동,2022F86
681,육예준,남,1995.8.10,유,유,무,부상,중앙선 침범,2022.6.22,85,서구 만년동,2022F36
682,노연우,여,1998.2.18,유,유,무,부상,과속,2022.9.9,85,동구 효동,2022I81
683,조서준,여,1979.7.25,유,유,무,부상,과속,2022.11.6,95,중구 대흥동,2022K82
684,육지민,남,1995.12.4,유,유,유,사망,음주운전,2022.1.31,124,유성구 관평동,2022A5
685,성연우,남,1985.6.27,유,유,무,부상,신호위반,2022.11.17,106,대덕구 석봉동,2022K66
686,곽하은,남,1981.5.24,유,유,유,부상,음주운전,2022.10.4,117,동구 자양동,2022J71
687,성서진,여,1991.2.23,유,유,무,사망,과속,2022.10.1,123,서구 갈마동,2022J67
688,정지원,남,1991.12.25,유,유,유,부상,음주운전,2022.1.13,101,서구 도마동,2022A36
689,유지원,여,1993.12.19,유,유,무,부상,과속,2022.1.17,83,동구 용운동,2022A80
690,육채원,남,1988.11.10,유,유,무,부상,중앙선 침범,2022.1.21,97,서구 둔상동,2022A91
691,곽연우,여,1968.5.25,유,유,무,사망,신호위반,2022.7.22,125,대덕구 송촌동,2022G75
692,노주호,남,2001.6.23,유,유,무,부상,중앙선 침범,2022.5.29,99,대덕구 송촌동,2022Z58
693,곽지후,여,1997.5.9,유,유,무,사망,중앙선 침범,2022.1.21,92,서구 둔상동,2022A9
694,유선우,남,1966.4.5,유,유,무,부상,음주운전,2022.1.3,83,동구 용운동,2022A15
695,조도윤,남,2002.2.8,유,유,무,부상,중앙선 침범,2022.7.18,91,유성구 관평동,2022G25
696,노지민,남,1978.6.19,유,유,무,부상,과속,2022.11.17,112,동구 신인동,2022K80
697,최주호,여,1999.10.29,유,유,유,부상,음주운전,2022.7.2,83,대덕구 송촌동,2022G50
698,장민준,여,1974.11.28,유,유,무,부상,중앙선 침범,2022.6.2,88,서구 도마동,2022F33
699,김수정,남,1997.5.6,유,유,무,부상,신호위반,2022.5.10,112,서구 만년동,2022Z72
700,한주호,여,1967.8.9,유,유,무,부상,음주운전,2022.4.15,87,중구 대흥동,2022D68
701,곽지유,남,1979.9.7,유,유,무,부상,신호위반,2022.4.16,113,중구 대사동,2022D84
702,이하준,남,1974.7.1,유,유,무,부상,과속,2022.1.8,114,대덕구 회덕동,2022A24
703,노채원,남,1963.7.25,유,유,무,부상,과속,2022.10.14,92,중구 목동,2022J21
704,황준서,남,1971.11.10,유,유,무,부상,신호위반,2022.11.31,95,대덕구 송촌동,2022K59
705,장주호,여,1978.8.22,유,유,무,부상,과속,2022.7.21,93,중구 오류동,2022G48
706,최민준,남,1964.5.17,유,유,무,부상,과속,2022.5.18,109,대덕구 송촌동,2022Z65
707,노윤서,여,1970.12.30,유,유,무,부상,과속,2022.1.2,98,서구 도마동,2022A23
708,한수정,여,1998.2.29,유,유,무,부상,과속,2022.8.10,102,유성구 노은동,2022H98
709,최도윤,남,1967.11.9,유,유,유,부상,음주운전,2022.3.19,97,중구 은행선화동,2022C64
710,성주원,남,1970.7.16,유,유,무,부상,과속,2022.3.3,102,서구 둔상동,2022C21
711,육서윤,여,1987.3.10,유,유,무,부상,중앙선 침범,2022.5.24,100,유성구 전민동,2022Z48
712,노연우,여,1986.4.15,유,유,무,부상,신호위반,2022.8.26,86,중구 대사동,2022H54
713,육예준,남,1973.9.16,유,유,무,부상,과속,2022.8.8,103,서구 만년동,2022H78
714,정지안,남,1987.11.29,유,유,무,부상,중앙선 침범,2022.9.28,102,서구 도마동,2022I98
715,한하준,여,1961.12.25,유,유,유,사망,음주운전,2022.4.16,95,대덕구 오정동,2022D6
716,황민서,남,1985.5.19,유,유,무,부상,과속,2022.3.15,107,중구 오류동,2022C84
717,유서윤,남,1999.7.6,유,유,무,부상,신호위반,2022.5.18,99,서구 만년동,2022Z50
718,곽시우,여,1969.11.25,유,유,무,부상,과속,2022.6.18,83,대덕구 법동,2022F88
719,박서진,여,2001.1.7,유,유,무,사망,과속,2022.12.21,123,유성구 신성동,2022L69
720,김서진,남,1994.7.5,유,유,무,부상,과속,2022.5.27,114,동구 용운동,2022Z98
721,성민서,남,1982.8.25,유,유,유,부상,음주운전,2022.4.15,87,대덕구 법동,2022D11
722,노지민,남,1992.11.26,유,유,무,부상,신호위반,2022.5.28,113,서구 월평동,2022Z83
723,성지우,여,1978.4.14,유,유,유,부상,음주운전,2022.1.27,89,유성구 관평동,2022A17
724,정민서,여,1968.5.14,유,유,무,부상,과속,2022.7.20,84,대덕구 회덕동,2022G58
725,이채은,여,1995.1.8,유,유,무,부상,과속,2022.3.16,106,유성구 노은동,2022C25
726,정채은,여,1970.4.4,유,유,무,부상,중앙선 침범,2022.12.11,118,대덕구 석봉동,2022L92
727,김도윤,남,1970.9.28,유,유,무,부상,과속,2022.11.7,89,중구 목동,2022K62
728,장수정,여,1972.2.14,유,유,무,부상,과속,2022.12.1,113,대덕구 회덕동,2022L31
729,정서진,여,1990.8.19,유,유,무,부상,신호위반,2022.8.22,87,서구 도마동,2022H3
730,황지우,여,2000.5.3,유,유,무,사망,과속,2022.11.31,122,서구 만년동,2022K30
731,황지우,여,1975.10.16,유,유,무,부상,중앙선 침범,2022.12.18,114,유성구 관평동,2022L95
732,이하준,남,2001.2.10,유,유,무,부상,중앙선 침범,2022.3.30,106,유성구 노은동,2022C68
733,한수정,여,1994.6.19,유,유,무,부상,중앙선 침범,2022.11.21,81,중구 대흥동,2022K99
734,한서진,여,1970.8.29,유,유,무,부상,신호위반,2022.1.11,95,동구 신인동,2022A28
735,장서연,남,1970.5.29,유,유,무,사망,과속,2022.12.26,126,서구 월평동,2022L22
736,유윤서,여,1975.9.16,유,유,무,부상,음주운전,2022.8.5,96,서구 만년동,2022H50
737,김준우,남,1966.1.2,유,유,유,부상,음주운전,2022.7.10,108,중구 대흥동,2022G21
738,조주호,여,1992.11.29,유,유,무,부상,신호위반,2022.9.13,117,대덕구 송촌동,2022I14
739,유하윤,여,1994.11.18,유,유,무,부상,음주운전,2022.11.3,110,중구 대흥동,2022K61
740,유수정,여,1968.2.3,유,유,유,부상,음주운전,2022.8.30,93,동구 효동,2022H80
741,한민서,여,1995.4.27,유,유,무,부상,신호위반,2022.10.12,95,대덕구 회덕동,2022J66
742,장하준,남,1990.10.26,유,유,무,부상,중앙선 침범,2022.8.19,118,유성구 진잠동,2022H23
743,곽준서,남,1982.8.21,유,유,무,사망,과속,2022.4.25,120,유성구 진잠동,2022D93
744,황서윤,남,1963.6.17,유,유,무,사망,과속,2022.4.26,127,서구 월평동,2022D96
745,조선우,여,2002.1.14,유,유,무,부상,음주운전,2022.5.17,86,중구 대흥동,2022Z85
746,조하윤,여,2000.1.5,유,유,무,부상,중앙선 침범,2022.6.20,84,동구 삼성동,2022F91
747,김서연,여,1982.3.25,유,유,무,사망,과속,2022.8.8,109,서구 만년동,2022H78
748,유도윤,남,1973.3.27,유,유,무,부상,중앙선 침범,2022.6.2,115,동구 자양동,2022F37
749,장채원,여,1963.9.30,유,유,무,사망,과속,2022.8.31,124,동구 삼성동,2022H28
750,곽지유,남,1999.3.4,유,유,무,부상,과속,2022.12.31,98,중구 목동,2022L75
751,김도윤,여,1990.6.12,유,유,무,사망,과속,2022.7.15,126,유성구 노은동,2022G54
752,황준우,여,1997.6.18,유,유,무,부상,신호위반,2022.6.9,93,대덕구 법동,2022F54
753,성준서,여,1975.6.30,유,유,무,부상,중앙선 침범,2022.11.31,85,유성구 진잠동,2022K22
754,이연우,남,1998.4.29,유,유,무,부상,중앙선 침범,2022.10.4,92,유성구 관평동,2022J40
755,성도윤,여,1993.1.11,유,유,무,부상,음주운전,2022.10.10,94,대덕구 회덕동,2022J70
756,김윤서,여,1969.9.17,유,유,무,사망,과속,2022.1.2,120,동구 용운동,2022A54
757,황수정,여,1983.5.28,유,유,무,부상,음주운전,2022.12.5,95,유성구 관평동,2022L16
758,장채원,여,1985.5.6,유,유,무,부상,중앙선 침범,2022.3.18,117,동구 신인동,2022C8
759,정지후,여,1972.5.22,유,유,무,부상,중앙선 침범,2022.2.31,82,중구 대흥동,2022B75
760,이서윤,남,1976.12.30,유,유,무,사망,과속,2022.4.12,126,서구 둔상동,2022D27
761,유채원,여,1974.6.8,유,유,무,부상,음주운전,2022.10.26,115,동구 효동,2022J99
762,장서윤,남,1997.12.10,유,유,무,부상,중앙선 침범,2022.9.11,102,동구 용운동,2022I54
763,노도윤,남,1981.7.12,유,유,무,부상,중앙선 침범,2022.6.8,112,유성구 진잠동,2022F81
764,장지우,여,1982.5.20,유,유,무,부상,중앙선 침범,2022.11.3,117,중구 대사동,2022K42
765,육서연,여,1981.11.29,유,유,무,부상,신호위반,2022.6.14,101,동구 삼성동,2022F29
766,박지우,남,1988.9.29,유,유,무,부상,신호위반,2022.6.10,83,서구 둔상동,2022F48
767,노지원,여,1968.11.31,유,유,무,부상,과속,2022.9.22,114,서구 도마동,2022I45
768,이하윤,남,1974.5.12,유,유,무,부상,신호위반,2022.5.28,114,서구 월평동,2022Z83
769,황서연,남,1991.1.4,유,유,무,사망,과속,2022.5.12,129,유성구 노은동,2022Z16
770,김지민,여,1969.7.8,유,유,무,사망,과속,2022.10.23,120,중구 은행선화동,2022J31
771,유서진,남,1971.3.5,유,유,무,부상,과속,2022.4.28,119,대덕구 회덕동,2022D52
772,성서연,남,1968.11.2,유,유,무,부상,중앙선 침범,2022.12.27,105,중구 대흥동,2022L29
773,김선우,남,1966.1.18,유,유,무,부상,신호위반,2022.8.30,97,서구 둔상동,2022H84
774,조준우,남,1978.4.29,유,유,무,부상,중앙선 침범,2022.11.6,87,대덕구 오정동,2022K36
775,장서진,여,1997.9.9,유,유,무,사망,음주운전,2022.3.14,106,동구 자양동,2022C65
776,유주호,남,1988.10.18,유,유,무,부상,음주운전,2022.11.4,110,서구 도마동,2022K16
777,최하은,여,1993.11.21,유,유,무,부상,과속,2022.10.28,93,대덕구 석봉동,2022J6
778,박지우,남,1962.11.25,유,유,무,부상,중앙선 침범,2022.10.16,93,유성구 전민동,2022J92
779,조서연,여,1988.9.2,유,유,무,부상,과속,2022.4.28,92,대덕구 회덕동,2022D52
780,박지유,여,1967.1.8,유,유,무,부상,과속,2022.11.3,107,중구 목동,2022K91
781,장서진,여,1963.11.28,유,유,무,부상,음주운전,2022.9.25,97,중구 은행선화동,2022I68
782,김준우,남,1978.3.29,유,유,무,부상,과속,2022.10.22,81,대덕구 회덕동,2022J49
783,황서준,여,1961.4.9,유,유,무,사망,중앙선 침범,2022.11.24,98,중구 오류동,2022K7
784,박민서,남,1989.12.23,유,유,무,부상,중앙선 침범,2022.5.18,84,대덕구 법동,2022Z9
785,박민준,여,1993.6.26,유,유,유,부상,음주운전,2022.8.2,108,유성구 진잠동,2022H96
786,노하윤,여,1995.3.6,유,유,무,부상,음주운전,2022.5.13,97,대덕구 송촌동,2022Z62
787,정지민,남,2000.2.31,유,유,무,사망,신호위반,2022.11.26,111,유성구 노은동,2022K83
788,최서현,남,1976.6.8,유,유,무,부상,과속,2022.6.27,82,중구 목동,2022F23
789,조지안,남,1987.8.14,유,유,무,부상,과속,2022.5.27,90,서구 월평동,2022Z61
790,정수정,여,1996.2.9,유,유,무,부상,중앙선 침범,2022.7.29,83,서구 갈마동,2022G96
791,이주호,여,1969.12.25,유,유,무,사망,중앙선 침범,2022.3.22,103,유성구 노은동,2022C17
792,한지호,여,1960.4.28,유,유,무,사망,중앙선 침범,2022.10.28,121,유성구 신성동,2022J24
793,황하은,남,1999.3.9,유,유,무,사망,과속,2022.5.17,124,동구 자양동,2022Z10
794,이하윤,남,1964.6.3,유,유,무,부상,신호위반,2022.2.29,98,서구 둔상동,2022B59
795,곽채원,여,1998.7.17,유,유,유,부상,음주운전,2022.9.7,105,동구 효동,2022I88
796,성서윤,남,1961.7.23,유,유,무,부상,과속,2022.2.22,114,중구 오류동,2022B32
797,곽선우,남,1975.12.7,유,유,무,부상,과속,2022.10.22,107,대덕구 회덕동,2022J49
798,성도윤,여,1986.4.27,유,유,무,부상,음주운전,2022.1.22,103,중구 대사동,2022A45
799,노서현,여,1965.6.17,유,유,무,사망,중앙선 침범,2022.3.17,121,중구 오류동,2022C54
800,노서준,남,1970.10.4,유,유,무,사망,과속,2022.3.10,125,유성구 노은동,2022C46
801,곽주원,남,1976.1.23,유,유,무,부상,신호위반,2022.12.3,107,중구 은행선화동,2022L26
802,이지호,여,1986.3.30,유,유,무,사망,중앙선 침범,2022.6.8,123,유성구 진잠동,2022F81
803,황준우,여,1961.6.26,유,유,무,부상,과속,2022.3.15,114,서구 월평동,2022C7
804,정채은,남,1972.9.21,유,유,무,부상,음주운전,2022.10.6,95,중구 대사동,2022J19
805,정지우,여,2001.10.11,유,유,무,부상,신호위반,2022.10.24,109,동구 신인동,2022J35
806,황연우,남,2002.3.15,유,유,무,부상,신호위반,2022.3.18,111,대덕구 석봉동,2022C14
807,김지호,여,1999.1.18,유,유,무,부상,음주운전,2022.4.13,85,서구 도마동,2022D24
808,황지원,여,1972.4.30,유,유,무,사망,신호위반,2022.4.16,100,중구 대사동,2022D84
809,최지우,여,1962.4.6,유,유,무,부상,신호위반,2022.4.15,115,서구 만년동,2022D29
810,노수정,여,1997.8.21,유,유,무,부상,과속,2022.10.6,106,중구 대사동,2022J39
811,김서진,여,1985.8.13,유,유,무,사망,과속,2022.7.15,129,유성구 노은동,2022G5
812,성지안,남,2002.4.30,유,유,무,부상,음주운전,2022.5.25,99,서구 월평동,2022Z35
813,최지후,남,1963.2.14,유,유,무,부상,과속,2022.7.7,95,동구 효동,2022G62
814,최하윤,여,1989.5.25,유,유,무,부상,과속,2022.6.31,99,대덕구 법동,2022F64
815,황채원,남,1962.6.30,유,유,무,사망,과속,2022.7.9,129,동구 삼성동,2022G37
816,장민준,여,1961.12.4,유,유,유,부상,음주운전,2022.9.19,98,동구 삼성동,2022I30
817,정서진,여,1976.12.5,유,유,무,사망,과속,2022.8.18,128,중구 은행선화동,2022H34
818,장지우,여,1987.7.10,유,유,무,부상,과속,2022.3.19,102,서구 둔상동,2022C23
819,곽주호,남,1993.8.27,유,유,무,사망,과속,2022.10.28,126,유성구 노은동,2022J76
820,황지안,여,1987.8.19,유,유,무,사망,과속,2022.12.16,121,서구 도마동,2022L76
821,성선우,남,1976.4.30,유,유,무,부상,신호위반,2022.2.11,85,대덕구 석봉동,2022B15
822,박윤서,남,1973.8.1,유,유,무,부상,중앙선 침범,2022.11.31,109,중구 오류동,2022K53
823,육주원,여,2002.12.4,유,유,무,부상,과속,2022.1.7,81,대덕구 법동,2022A77
824,한서준,여,1977.3.24,유,유,무,부상,과속,2022.7.7,104,유성구 전민동,2022G42
825,박서윤,여,1981.6.24,유,유,무,부상,신호위반,2022.8.31,112,대덕구 오정동,2022H57
826,유주원,여,1979.3.30,유,유,무,사망,중앙선 침범,2022.2.31,126,유성구 신성동,2022B21
827,장지원,남,1997.8.1,유,유,무,사망,과속,2022.5.12,99,유성구 노은동,2022Z16
828,한지후,여,1996.4.3,유,유,무,부상,신호위반,2022.8.3,102,중구 목동,2022H45
829,김민준,여,1987.12.21,유,유,유,부상,음주운전,2022.9.7,102,동구 효동,2022I88
830,황주원,남,1976.11.25,유,유,무,사망,음주운전,2022.11.2,96,대덕구 석봉동,2022K50
831,정채은,여,1963.8.22,유,유,무,사망,신호위반,2022.9.13,103,대덕구 송촌동,2022I20
832,최준우,남,2001.11.21,유,유,무,부상,과속,2022.11.7,82,중구 목동,2022K62
833,유준우,여,1976.3.27,유,유,무,부상,음주운전,2022.7.14,105,대덕구 송촌동,2022G61
834,노하윤,남,1967.11.24,유,유,무,부상,중앙선 침범,2022.7.16,103,중구 오류동,2022G92
835,황준우,여,1966.3.15,유,유,무,부상,과속,2022.2.16,99,유성구 노은동,2022B3
836,노지후,여,1982.6.3,유,유,무,부상,과속,2022.9.22,116,유성구 노은동,2022I99
837,이지유,남,1996.5.6,유,유,무,부상,음주운전,2022.6.29,87,대덕구 송촌동,2022F66
838,노서현,남,1964.11.24,유,유,무,사망,중앙선 침범,2022.11.26,91,동구 효동,2022K84
839,최민서,여,1975.5.17,유,유,무,사망,중앙선 침범,2022.1.11,121,서구 월평동,2022A8
840,최민준,남,1967.4.27,유,유,무,사망,과속,2022.5.19,105,동구 신인동,2022Z60
841,이주원,남,1997.9.29,유,유,무,사망,과속,2022.7.15,129,대덕구 회덕동,2022G65
842,김서현,남,1985.6.5,유,유,무,사망,과속,2022.4.31,121,대덕구 오정동,2022D46
843,김하은,남,1992.5.6,유,유,무,부상,음주운전,2022.10.1,103,동구 효동,2022J54
844,한준서,남,1988.5.16,유,유,무,부상,음주운전,2022.12.5,89,유성구 관평동,2022L16
845,장수정,남,1975.5.7,유,유,유,부상,음주운전,2022.9.15,119,동구 자양동,2022I37
846,이서현,여,1961.11.20,유,유,무,부상,음주운전,2022.3.19,111,서구 갈마동,2022C33
847,육하윤,여,1966.12.11,유,유,무,부상,중앙선 침범,2022.2.4,119,중구 오류동,2022B69
848,조서준,여,1987.8.15,유,유,무,사망,과속,2022.7.11,127,대덕구 석봉동,2022G95
849,김지우,남,1989.3.18,유,유,무,부상,중앙선 침범,2022.3.18,116,동구 신인동,2022C8
850,성서진,남,1977.6.15,유,유,무,부상,과속,2022.3.15,83,중구 오류동,2022C84
851,김지우,남,1977.11.20,유,유,무,부상,음주운전,2022.3.5,80,중구 대사동,2022C37
852,곽하은,남,1972.3.9,유,유,무,사망,신호위반,2022.3.5,101,유성구 노은동,2022C9
853,박채원,남,2001.7.4,유,유,무,부상,중앙선 침범,2022.12.8,90,서구 갈마동,2022L94
854,육시우,남,1984.6.15,유,유,무,부상,신호위반,2022.4.23,85,중구 대사동,2022D42
855,정서윤,여,1998.3.29,유,유,무,부상,중앙선 침범,2022.5.27,104,서구 도마동,2022Z42
856,정서현,여,1986.4.25,유,유,무,부상,중앙선 침범,2022.12.27,112,중구 목동,2022L32
857,김주호,여,1971.5.10,유,유,무,부상,과속,2022.11.31,86,대덕구 회덕동,2022K63
858,정준서,여,1969.11.3,유,유,무,부상,음주운전,2022.6.10,117,유성구 신성동,2022F86
859,유도윤,여,1963.5.24,유,유,무,부상,과속,2022.7.2,99,대덕구 석봉동,2022G11
860,김연우,남,1983.10.25,유,유,무,부상,신호위반,2022.5.8,99,유성구 신성동,2022Z52
861,정지호,여,1976.9.31,유,유,무,사망,과속,2022.6.10,114,중구 대흥동,2022F1
862,조주호,여,1966.12.19,유,유,무,부상,중앙선 침범,2022.6.27,111,서구 월평동,2022F10
863,성예준,여,1965.1.16,유,유,유,사망,음주운전,2022.9.31,128,서구 둔상동,2022I10
864,곽윤서,여,1984.5.10,유,유,무,부상,신호위반,2022.9.13,89,대덕구 송촌동,2022I20
865,김준서,여,1971.7.9,유,유,무,부상,신호위반,2022.4.2,85,유성구 진잠동,2022D21
866,박민서,여,1974.8.19,유,유,유,부상,음주운전,2022.1.29,112,중구 은행선화동,2022A81
867,한서현,여,1969.7.25,유,유,무,부상,신호위반,2022.7.22,114,동구 삼성동,2022G6
868,최서연,남,1985.8.27,유,유,무,부상,음주운전,2022.12.4,109,동구 자양동,2022L91
869,유서진,남,1985.11.24,유,유,무,사망,과속,2022.10.26,129,대덕구 오정동,2022J38
870,곽하은,남,1997.3.30,유,유,무,부상,중앙선 침범,2022.5.17,118,유성구 전민동,2022Z77
871,성채원,여,1979.12.4,유,유,무,사망,중앙선 침범,2022.12.3,122,동구 자양동,2022L23
872,육준서,남,1992.4.26,유,유,유,사망,과속,2022.12.10,121,유성구 전민동,2022L89
873,최지민,남,1970.7.12,유,유,무,부상,음주운전,2022.7.10,96,서구 갈마동,2022G97
874,한주원,여,1996.4.27,유,유,무,부상,과속,2022.4.25,80,동구 삼성동,2022D57
875,황준서,남,2000.1.12,유,유,무,부상,신호위반,2022.11.2,104,동구 용운동,2022K67
876,노도윤,여,1990.2.7,유,유,무,부상,음주운전,2022.3.14,100,대덕구 오정동,2022C35
877,김윤서,여,1981.12.19,유,유,무,부상,신호위반,2022.11.6,117,동구 자양동,2022K70
878,한주원,남,1991.12.18,유,유,무,부상,중앙선 침범,2022.8.24,101,유성구 신성동,2022H4
879,곽예준,남,1999.10.9,유,유,무,부상,신호위반,2022.10.26,110,대덕구 석봉동,2022J32
880,정주원,남,1961.1.10,유,유,유,부상,음주운전,2022.7.5,104,유성구 진잠동,2022G24
881,한서준,여,1986.2.17,유,유,무,부상,신호위반,2022.10.19,86,유성구 전민동,2022J7
882,유도윤,남,1968.7.16,유,유,무,부상,과속,2022.11.9,97,서구 갈마동,2022K14
883,육하윤,남,1993.8.20,유,유,무,사망,신호위반,2022.2.23,123,대덕구 회덕동,2022B19
884,정하은,여,1998.7.10,유,유,무,부상,신호위반,2022.11.25,119,서구 월평동,2022K56
885,조준우,여,1971.8.25,유,유,무,부상,신호위반,2022.12.4,110,중구 은행선화동,2022L15
886,김도윤,여,1969.5.11,유,유,무,부상,신호위반,2022.2.23,106,서구 갈마동,2022B8
887,성하준,남,1991.12.18,유,유,무,사망,신호위반,2022.10.10,103,유성구 노은동,2022J61
888,조준우,여,1965.12.28,유,유,무,부상,중앙선 침범,2022.9.6,103,대덕구 송촌동,2022I58
889,황주호,남,1960.3.11,유,유,무,부상,중앙선 침범,2022.3.16,112,대덕구 송촌동,2022C73
890,성서연,남,1977.6.22,유,유,무,사망,과속,2022.4.21,128,유성구 신성동,2022D87
891,육하윤,여,1993.10.13,유,유,무,사망,과속,2022.9.22,127,유성구 노은동,2022I9
892,최윤서,남,1964.10.18,유,유,무,부상,중앙선 침범,2022.9.3,85,동구 신인동,2022I63
893,곽준서,남,1974.7.14,유,유,무,사망,과속,2022.12.25,122,동구 신인동,2022L43
894,유도윤,여,2000.12.9,유,유,무,부상,과속,2022.11.17,109,중구 대흥동,2022K31
895,장서현,남,1994.8.2,유,유,무,부상,중앙선 침범,2022.9.23,101,동구 효동,2022I61
896,박예준,남,1980.10.13,유,유,무,부상,과속,2022.6.18,119,대덕구 법동,2022F88
897,장채은,남,1961.9.15,유,유,무,부상,과속,2022.5.29,91,서구 도마동,2022Z84
898,최서현,여,1976.7.19,유,유,무,사망,음주운전,2022.1.11,98,유성구 관평동,2022A31
899,최민서,여,1967.12.24,유,유,무,사망,과속,2022.5.17,123,유성구 신성동,2022Z24
900,박서윤,여,1962.2.26,유,유,무,부상,중앙선 침범,2022.3.5,99,서구 도마동,2022C34
901,한서준,여,1963.11.31,유,유,무,부상,신호위반,2022.7.7,86,동구 자양동,2022G85
902,황주원,남,1965.9.25,유,유,무,부상,음주운전,2022.7.28,103,동구 용운동,2022G51
903,조도윤,남,1994.4.27,유,유,무,부상,과속,2022.2.20,98,서구 갈마동,2022B24
904,최서연,여,1995.5.15,유,유,무,사망,중앙선 침범,2022.3.22,105,유성구 노은동,2022C17
905,김하은,여,1989.9.4,유,유,유,부상,음주운전,2022.1.3,117,대덕구 법동,2022A53
906,유지유,여,1976.7.21,유,유,무,부상,과속,2022.10.26,119,서구 도마동,2022J47
907,박주원,남,1989.10.22,유,유,유,부상,음주운전,2022.4.10,106,중구 목동,2022D14
908,성주호,여,1986.10.23,유,유,무,사망,중앙선 침범,2022.1.27,122,중구 은행선화동,2022A69
909,한민서,여,1984.8.20,유,유,무,부상,과속,2022.10.23,104,중구 은행선화동,2022J31
910,노하윤,남,1996.3.19,유,유,유,부상,음주운전,2022.4.10,118,중구 목동,2022D14
911,장서준,남,1961.8.2,유,유,무,부상,과속,2022.11.12,106,대덕구 법동,2022K68
912,조민서,남,1984.1.27,유,유,무,사망,과속,2022.4.21,124,유성구 신성동,2022D87
913,육서준,남,1989.7.28,유,유,무,부상,과속,2022.7.15,103,대덕구 회덕동,2022G65
914,김지유,남,1994.8.23,유,유,무,부상,중앙선 침범,2022.5.1,88,대덕구 법동,2022Z89
915,정준서,남,1966.4.23,유,유,무,부상,과속,2022.12.4,88,대덕구 오정동,2022L98
916,이하윤,남,1983.9.4,유,유,무,부상,음주운전,2022.3.16,113,대덕구 송촌동,2022C24
917,조지원,여,1977.2.6,유,유,무,부상,음주운전,2022.11.13,85,유성구 전민동,2022K12
918,성지민,남,1993.10.16,유,유,무,사망,과속,2022.3.14,126,서구 둔상동,2022C56
919,황지원,여,1984.5.30,유,유,무,사망,신호위반,2022.4.16,124,유성구 진잠동,2022D76
920,육지후,여,1961.11.29,유,유,무,부상,음주운전,2022.8.16,105,중구 목동,2022H76
921,노주호,여,1993.10.19,유,유,무,부상,과속,2022.12.19,85,대덕구 오정동,2022L68
922,김채원,남,1967.3.16,유,유,유,부상,음주운전,2022.6.14,87,대덕구 오정동,2022F75
923,이민서,남,1987.6.11,유,유,무,부상,음주운전,2022.12.28,93,동구 효동,2022L90
924,박예준,남,1984.10.26,유,유,무,부상,신호위반,2022.4.13,90,유성구 신성동,2022D56
925,유준우,여,1983.10.2,유,유,무,부상,음주운전,2022.11.30,108,유성구 전민동,2022K27
926,육지안,여,1987.8.7,유,유,무,사망,중앙선 침범,2022.1.7,126,유성구 전민동,2022A50
927,한민서,여,2001.5.12,유,유,무,부상,음주운전,2022.8.15,82,서구 갈마동,2022H32
928,노하윤,남,1988.6.20,유,유,무,사망,과속,2022.10.23,124,중구 은행선화동,2022J31
929,장지호,남,1960.11.15,유,유,무,부상,과속,2022.5.26,106,유성구 전민동,2022Z38
930,장채은,남,1971.11.24,유,유,무,부상,과속,2022.3.16,106,유성구 노은동,2022C25
931,최주호,남,1976.6.13,유,유,무,사망,과속,2022.3.13,113,중구 대흥동,2022C48
932,조윤서,여,1979.10.11,유,유,무,사망,중앙선 침범,2022.6.2,129,동구 자양동,2022F37
933,성시우,여,1986.8.29,유,유,무,부상,과속,2022.12.15,101,서구 도마동,2022L79
934,성지유,여,1987.6.26,유,유,무,부상,음주운전,2022.5.22,104,서구 둔상동,2022Z67
935,이준우,남,1986.10.12,유,유,무,사망,중앙선 침범,2022.8.20,102,동구 신인동,2022H51
936,박지우,여,1987.4.22,유,유,무,부상,음주운전,2022.2.15,104,유성구 관평동,2022B66
937,장민서,여,1996.12.10,유,유,무,부상,중앙선 침범,2022.12.31,91,유성구 전민동,2022L47
938,유채은,남,1963.12.27,유,유,무,사망,음주운전,2022.11.25,94,유성구 노은동,2022K1
939,정서연,남,2000.4.12,유,유,무,부상,음주운전,2022.12.17,81,서구 갈마동,2022L52
940,정예준,남,1966.5.21,유,유,무,부상,중앙선 침범,2022.7.3,81,서구 갈마동,2022G36
941,정준우,남,1981.12.25,유,유,무,부상,과속,2022.8.4,89,중구 오류동,2022H58
942,최주원,남,1970.12.4,유,유,무,부상,과속,2022.4.30,111,유성구 전민동,2022D58
943,조서준,남,1965.9.2,유,유,무,부상,중앙선 침범,2022.3.17,107,중구 오류동,2022C54
944,김지안,남,1983.7.14,유,유,유,부상,음주운전,2022.1.3,82,대덕구 법동,2022A53
945,최수정,여,1970.9.12,유,유,무,부상,과속,2022.4.23,119,서구 만년동,2022D10
946,유예준,여,1967.10.31,유,유,무,부상,중앙선 침범,2022.11.23,81,유성구 신성동,2022K46
947,조하은,여,1969.3.13,유,유,무,부상,중앙선 침범,2022.12.14,98,유성구 노은동,2022L35
948,성서윤,여,1961.8.14,유,유,무,부상,신호위반,2022.2.17,94,중구 은행선화동,2022B68
949,성준우,여,1990.7.11,유,유,무,사망,중앙선 침범,2022.5.1,129,대덕구 법동,2022Z89
950,장서연,남,1982.5.13,유,유,무,부상,중앙선 침범,2022.11.22,94,중구 목동,2022K21
951,성연우,남,1987.7.9,유,유,무,부상,신호위반,2022.4.29,85,서구 도마동,2022D36
952,최지안,여,1969.3.25,유,유,무,사망,음주운전,2022.3.14,111,동구 자양동,2022C65
953,성연우,여,1991.10.29,유,유,무,부상,과속,2022.11.10,110,유성구 전민동,2022K89
954,한서진,남,1980.9.27,유,유,무,사망,과속,2022.7.29,124,중구 목동,2022G81
955,황연우,여,1993.10.23,유,유,유,사망,음주운전,2022.5.24,92,유성구 진잠동,2022Z82
956,육서진,남,1970.9.16,유,유,무,부상,과속,2022.8.31,84,유성구 진잠동,2022H27
957,정예준,여,1983.6.22,유,유,무,사망,과속,2022.9.2,125,동구 효동,2022I62
958,박하윤,여,1982.3.29,유,유,무,부상,과속,2022.7.7,100,유성구 전민동,2022G42
959,곽지민,남,1980.7.5,유,유,무,부상,신호위반,2022.5.28,95,서구 월평동,2022Z83
960,성하윤,여,1962.1.19,유,유,무,부상,음주운전,2022.1.18,85,동구 삼성동,2022A7
961,장민준,여,1998.11.31,유,유,무,부상,과속,2022.9.10,89,대덕구 송촌동,2022I75
962,김주원,여,1990.7.30,유,유,무,부상,음주운전,2022.7.1,103,동구 자양동,2022G79
963,김지후,남,1977.8.17,유,유,무,부상,과속,2022.11.1,118,대덕구 법동,2022K4
964,조연우,남,1963.8.3,유,유,무,사망,과속,2022.7.7,126,유성구 전민동,2022G42
965,황하준,남,1985.11.17,유,유,무,부상,과속,2022.1.29,102,중구 대흥동,2022A75
966,박지민,여,1990.8.17,유,유,유,부상,음주운전,2022.9.25,118,서구 갈마동,2022I56
967,최채원,남,1983.7.11,유,유,무,부상,과속,2022.6.10,119,대덕구 법동,2022F24
968,최하준,여,1972.11.18,유,유,무,부상,음주운전,2022.1.16,96,대덕구 석봉동,2022A49
969,한시우,남,1979.10.22,유,유,유,사망,과속,2022.2.25,97,중구 목동,2022B76
970,최준서,여,1982.7.21,유,유,무,부상,과속,2022.12.3,87,동구 신인동,2022L44
971,김준우,남,1979.6.7,유,유,무,부상,과속,2022.6.23,102,서구 둔상동,2022F82
972,조선우,남,1999.4.26,유,유,무,사망,과속,2022.2.22,129,중구 오류동,2022B32
973,김시우,여,2002.12.25,유,유,무,사망,중앙선 침범,2022.7.12,123,동구 용운동,2022G18
974,육준서,여,1989.7.16,유,유,무,부상,중앙선 침범,2022.12.27,86,중구 대흥동,2022L29
975,육지호,여,1976.2.16,유,유,무,사망,중앙선 침범,2022.3.18,128,동구 신인동,2022C80
976,김주호,남,1987.4.23,유,유,무,부상,음주운전,2022.8.3,87,중구 은행선화동,2022H90
977,성수정,여,1979.4.20,유,유,무,부상,과속,2022.5.19,94,동구 신인동,2022Z60
978,노지호,여,1967.9.17,유,유,무,부상,음주운전,2022.11.30,96,유성구 전민동,2022K27
979,유하준,남,2001.5.7,유,유,무,부상,과속,2022.11.7,104,서구 월평동,2022K44
980,박하윤,남,1999.6.7,유,유,유,부상,과속,2022.5.21,87,대덕구 석봉동,2022Z88
981,황지원,여,1988.9.23,유,유,무,부상,과속,2022.2.16,82,유성구 노은동,2022B3
982,성하준,여,1991.12.20,유,유,무,부상,과속,2022.9.22,118,유성구 노은동,2022I99
983,성하은,남,1983.10.19,유,유,무,부상,음주운전,2022.1.8,116,서구 둔상동,2022A3
984,장주호,남,1999.9.21,유,유,무,부상,중앙선 침범,2022.5.26,87,서구 월평동,2022Z20
985,곽채원,여,1974.8.15,유,유,무,부상,과속,2022.8.10,85,유성구 노은동,2022H98
986,조민서,여,1965.12.8,유,유,무,부상,중앙선 침범,2022.1.19,90,중구 오류동,2022A95
987,황서준,여,1999.8.13,유,유,무,부상,과속,2022.7.29,99,중구 목동,2022G81
988,육민준,여,1990.12.8,유,유,무,부상,신호위반,2022.10.12,87,서구 도마동,2022J44
989,박하준,여,1981.1.28,유,유,무,부상,중앙선 침범,2022.2.31,113,유성구 신성동,2022B21
990,정서준,남,1975.9.11,유,유,무,부상,과속,2022.1.10,81,중구 대사동,2022A86
991,조시우,남,1978.9.3,유,유,유,사망,음주운전,2022.9.15,120,동구 자양동,2022I37
992,박선우,남,1965.6.24,유,유,무,사망,과속,2022.2.12,121,대덕구 법동,2022B33
993,김지후,여,1982.4.3,유,유,무,부상,과속,2022.10.26,85,대덕구 오정동,2022J38
994,이서진,여,1968.5.9,유,유,무,부상,음주운전,2022.9.30,99,대덕구 송촌동,2022I17
995,장수정,남,1989.12.12,유,유,무,부상,신호위반,2022.6.5,100,중구 오류동,2022F94
996,조지안,남,1995.9.7,유,유,무,부상,중앙선 침범,2022.8.18,91,유성구 전민동,2022H86
997,김하윤,남,1989.6.3,유,유,무,부상,과속,2022.1.20,91,유성구 신성동,2022A82
998,최채은,여,2002.1.18,유,유,무,사망,과속,2022.10.23,128,중구 은행선화동,2022J31
999,정서진,남,1980.5.4,유,유,무,사망,과속,2022.8.11,120,유성구 진잠동,2022H14
1000,한지유,여,1960.7.15,유,유,무,사망,신호위반,2022.10.28,126,서구 도마동,2022J48
